Record_ID	host_species	host_class	host_superorder	host_order	host_family	host_genus	record_id	organism	target_datatype	target_version	target_name	scaffold	orientation	extract_start	extract_end	assigned_name	locus_numeric_id	subject_start	subject_end	query_start	query_end	align_len	bitscore	identity	evalue_num	evalue_exp	gap_openings	mismatches	locus_structure	sequence_length
62	Macropus_eugenii	Mammalia	Unclassified	Diprotodontia	Macropodidae	Macropus	27665	Macropus_eugenii	low_coverage	goldenpath_macEug2	macEug2.fa	GL067164	+	37319	41248	dependo.0-macropus-con	0	804	1276	2500	3918	473	991	100	0	1	0	0	NS[dependo.0-macropus(+)]-NS[dependo.0-macropus(+)]-VP[dependo.0-macropus(+)]	3930
242	Lipotes_vexillifer	Mammalia	Laurasiatheria	Cetacea	Lipotidae	Lipotes	27338	Lipotes_vexillifer	low_coverage	ncbi_100_2014-04-27	118797_ref_Lipotes_vexillifer_v1_chrUn.fa	gi|599249724|ref|NW_006783413.1|	+	1818784	1822987	dependo.1-whippomorpha	1	779	1205	2765	4204	480	691	77.083	0	1	5	0	Rep78[dependo.XX-Inia(+)]-NS[dependo.1-whippomorpha(+)]-VP[dependo.1-whippomorpha(+)]-VP[dependo.1-whippomorpha(+)]	4204
199	Inia_geoffrensis	Mammalia	Laurasiatheria	Cetacea	Iniidae	Inia	27627	Inia_geoffrensis	low_coverage	IniGeo_v1_BIUU	GCA_004363515.1_IniGeo_v1_BIUU_genomic.fna	RJWO010002031.1	-	86509	90690	dependo.1-whippomorpha	1	779	1013	2685	3392	236	462	93.22	1.31	179	1	0	VP[dependo.1-whippomorpha(-)]-VP[dependo.1-whippomorpha(-)]-Rep78[dependo.XX-Inia(-)]	4182
203	Orcinus_orca	Mammalia	Laurasiatheria	Cetacea	Delphinidae	Orcinus	27879	Orcinus_orca	low_coverage	ncbi_ANOL02_jan_2013	ANOL02.fasta_13.fa	gi|442705876|gb|ANOL02028540.1|	+	31875	36047	dependo.1-whippomorpha	1	779	1012	2647	3351	235	467	93.617	0	1	1	0	Rep78[dependo.XX-Inia(+)]-VP[dependo.1-whippomorpha(+)]-VP[dependo.1-whippomorpha(+)]	4173
141	Tursiops_truncatus	Mammalia	Laurasiatheria	Cetacea	Delphinidae	Tursiops	27580	Tursiops_truncatus	low_coverage	goldenpath_turTru2	turTru2.fa	JH472581	-	124623	128768	dependo.1-whippomorpha	1	779	1012	2636	3340	235	466	93.617	0	1	1	0	VP[dependo.1-whippomorpha(-)]-VP[dependo.1-whippomorpha(-)]-Rep78[dependo.XX-Inia(-)]	4146
240	Lagenorhynchus_obliquidens	Mammalia	Laurasiatheria	Cetacea	Delphinidae	Lagenorhynchus	27669	Lagenorhynchus_obliquidens	low_coverage	ASM367639v1	GCF_003676395.1_ASM367639v1_genomic.fna	NW_020837951.1	-	35652981	35657093	dependo.1-whippomorpha	1	892	1012	2938	3303	122	239	92.623	0	1	1	0	VP[dependo.1-whippomorpha(-)]-VP[dependo.1-whippomorpha(-)]-Rep78[dependo.XX-Inia(-)]-Rep78[dependo.XX-Inia(-)]	4113
171	Monodon_monoceros	Mammalia	Laurasiatheria	Cetacea	Monodontidae	Monodon	28053	Monodon_monoceros	low_coverage	NGI_Narwhal_1	GCA_005190385.2_NGI_Narwhal_1_genomic.fna	SIHG01006968.1	+	77665785	77669894	dependo.1-whippomorpha	1	779	1013	2607	3314	236	472	93.644	0	1	1	0	Rep78[dependo.XX-Inia(+)]-NS[dependo.1-whippomorpha(+)]-VP[dependo.1-whippomorpha(+)]-VP[dependo.1-whippomorpha(+)]	4110
171	Monodon_monoceros	Mammalia	Laurasiatheria	Cetacea	Monodontidae	Monodon	27983	Monodon_monoceros	low_coverage	MonMon_v1	GCA_004027045.1_MonMon_v1_BIUU_genomic.fna	PVJF01006520.1	-	67783	71892	dependo.1-whippomorpha	1	779	1013	2607	3314	236	472	93.644	0	1	1	0	VP[dependo.1-whippomorpha(-)]-VP[dependo.1-whippomorpha(-)]-NS[dependo.1-whippomorpha(-)]-Rep78[dependo.XX-Inia(-)]	4110
245	Delphinapterus_leucas	Mammalia	Laurasiatheria	Cetacea	Monodontidae	Delphinapterus	27442	Delphinapterus_leucas	low_coverage	ASM228892v2	GCF_002288925.1_ASM228892v2_genomic.fna	NW_019160921.1	-	9149141	9153246	dependo.1-whippomorpha	1	779	1013	2606	3313	236	476	94.915	0	1	1	0	VP[dependo.1-whippomorpha(-)]-VP[dependo.1-whippomorpha(-)]-NS[dependo.1-whippomorpha(-)]-Rep78[dependo.XX-Inia(-)]	4106
144	Tursiops_aduncus	Mammalia	Laurasiatheria	Cetacea	Delphinidae	Tursiops	27310	Tursiops_aduncus	low_coverage	ASM322739v1	GCA_003227395.1_ASM322739v1_genomic.fna	NCQN01000043.1	+	1187016	1191115	dependo.1-whippomorpha	1	779	1012	2587	3291	235	467	93.617	0	1	1	0	Rep78[dependo.XX-Inia(+)]-Rep78[dependo.XX-Inia(+)]-VP[dependo.1-whippomorpha(+)]	4100
80	Mesoplodon_bidens	Mammalia	Laurasiatheria	Cetacea	Ziphiidae	Mesoplodon	27956	Mesoplodon_bidens	low_coverage	MesBid_v1	GCA_004027085.1_MesBid_v1_BIUU_genomic.fna	PVJJ010002729.1	+	36995	41087	dependo.1-whippomorpha	1	601	1013	1978	3225	429	464	61.072	1.78	143	7	0	NS[dependo.1-whippomorpha(+)]-VP[dependo.1-whippomorpha(+)]-VP[dependo.1-whippomorpha(+)]-VP[dependo.1-whippomorpha(+)]	4093
233	Ziphius_cavirostris	Mammalia	Laurasiatheria	Cetacea	Ziphiidae	Ziphius	27929	Ziphius_cavirostris	low_coverage	ZipCav_v1_BIUU	GCA_004364475.1_ZipCav_v1_BIUU_genomic.fna	RJWS010040757.1	+	4474	8537	dependo.1-whippomorpha	1	779	1013	2526	3233	236	473	94.068	0	1	1	0	NS[dependo.1-whippomorpha(+)]-VP[dependo.1-whippomorpha(+)]-VP[dependo.1-whippomorpha(+)]	4064
229	Globicephala_melas	Mammalia	Laurasiatheria	Cetacea	Delphinidae	Globicephala	27972	Globicephala_melas	low_coverage	ASM654740v1	GCA_006547405.1_ASM654740v1_genomic.fna	ML658845.1	+	2545456	2549517	dependo.1-whippomorpha	1	779	1012	2556	3260	235	466	93.617	0	1	1	0	Rep78[dependo.XX-Inia(+)]-VP[dependo.1-whippomorpha(+)]-VP[dependo.1-whippomorpha(+)]	4062
253	Neophocaena_asiaeorientalis	Mammalia	Laurasiatheria	Cetacea	Phocoenidae	Neophocaena	27552	Neophocaena_asiaeorientalis	low_coverage	V1	GCF_003031525.1_Neophocaena_asiaeorientalis_V1_genomic.fna	NW_020175027.1	+	3229818	3233759	dependo.1-whippomorpha	1	162	411	540	1325	272	305	63.603	4.74	139	5	0	NS[dependo.1-whippomorpha(+)]-VP[dependo.1-whippomorpha(+)]-VP[dependo.1-whippomorpha(+)]	3942
98	Megaptera_novaeangliae	Mammalia	Laurasiatheria	Cetacea	Balaenopteridae	Megaptera	28037	Megaptera_novaeangliae	low_coverage	megNov1	GCA_004329385.1_megNov1_genomic.fna	RYZJ01002354.1	+	2659500	2663375	dependo.1-whippomorpha	1	601	1032	1985	3292	444	689	85.811	0	1	5	0	NS[dependo.1-whippomorpha(+)]-VP[dependo.1-whippomorpha(+)]	3876
107	Eschrichtius_robustus	Mammalia	Laurasiatheria	Cetacea	Eschrichtiidae	Eschrichtius	27966	Eschrichtius_robustus	low_coverage	ASM218922v1	GCA_002189225.1_ASM218922v1_genomic.fna	NIPP01000049.1	+	530460	534318	dependo.1-whippomorpha	1	779	1032	2512	3276	255	528	98.039	0	1	1	0	NS[dependo.1-whippomorpha(+)]-VP[dependo.1-whippomorpha(+)]	3859
123	Balaenoptera_acutorostrata	Mammalia	Laurasiatheria	Cetacea	Balaenopteridae	Balaenoptera	27600	Balaenoptera_acutorostrata	low_coverage	goldenpath_balAcu1	balAcu1.fa	KI538555	+	2062510	2066364	dependo.1-whippomorpha	1	601	1032	1970	3271	446	691	79.372	0	1	7	0	NS[dependo.1-whippomorpha(+)]-VP[dependo.1-whippomorpha(+)]	3855
213	Balaenoptera_bonaerensis	Mammalia	Laurasiatheria	Cetacea	Balaenopteridae	Balaenoptera	27314	Balaenoptera_bonaerensis	low_coverage	ASM97880v1	GCA_000978805.1_ASM97880v1_genomic.fna	DF417164.1	+	13355	17208	dependo.1-whippomorpha	1	601	1032	1966	3270	448	655	76.339	0	1	8	0	NS[dependo.1-whippomorpha(+)]-VP[dependo.1-whippomorpha(+)]	3854
90	Physeter_catodon	Mammalia	Laurasiatheria	Cetacea	Physeteridae	Physeter	27916	Physeter_catodon	low_coverage	2.0.2	9755_ref_Physeter_macrocephalus-2.0.2_chrUn.fa	gi|589812348|ref|NW_006724242.1|	+	675501	679319	dependo.1-whippomorpha	1	623	977	1992	3077	367	483	73.297	0	1	6	0	NS[dependo.1-whippomorpha(+)]-VP[dependo.1-whippomorpha(+)]	3819
191	Kogia_breviceps	Mammalia	Laurasiatheria	Cetacea	Physeteridae	Kogia	27360	Kogia_breviceps	low_coverage	v1_BIUU	GCA_004363705.1_KogBre_v1_BIUU_genomic.fna	RJWL010008168.1	-	26677	30493	dependo.1-whippomorpha	1	513	977	1661	3076	478	607	68.828	0	1	7	0	VP[dependo.1-whippomorpha(-)]-VP[dependo.1-whippomorpha(-)]-VP[dependo.1-whippomorpha(-)]-NS[dependo.1-whippomorpha(-)]	3817
43	Platanista_minor	Mammalia	Laurasiatheria	Cetacea	Platanistidae	Platanista	27926	Platanista_minor	low_coverage	PlaMin_v1_BIUU	GCA_004363435.1_PlaMin_v1_BIUU_genomic.fna	RJWK010029324.1	+	11110	14904	dependo.1-whippomorpha	1	513	1032	1646	3214	545	661	66.239	0	1	9	0	NS[dependo.1-whippomorpha(+)]-VP[dependo.1-whippomorpha(+)]-VP[dependo.1-whippomorpha(+)]	3795
95	Sousa_chinensis	Mammalia	Laurasiatheria	Cetacea	Delphinidae	Sousa	27500	Sousa_chinensis	low_coverage	ASM352133v1	GCA_003521335.1_ASM352133v1_genomic.fna	QWLN01044866.1	-	228872	232544	dependo.1-whippomorpha	1	779	1205	2294	3673	460	724	81.739	0	1	4	0	VP[dependo.1-whippomorpha(-)]-Rep78[dependo.XX-Inia(-)]	3673
97	Phocoena_phocoena	Mammalia	Laurasiatheria	Cetacea	Phocoenidae	Phocoena	27921	Phocoena_phocoena	low_coverage	GCA_003071005	GCA_003071005.1_ASM307100v1_genomic.fna	PKGA01132905.1	+	1807844	1811316	dependo.1-whippomorpha	1	779	1012	1986	2690	235	465	93.191	0	1	1	0	NS[dependo.1-whippomorpha(+)]-VP[dependo.1-whippomorpha(+)]-VP[dependo.1-whippomorpha(+)]	3473
62	Macropus_eugenii	Mammalia	Unclassified	Diprotodontia	Macropodidae	Macropus	27292	Macropus_eugenii	low_coverage	goldenpath_macEug2	macEug2.fa	GL155583	-	7173	9111	dependo.1-whippomorpha	1	779	865	28	288	87	129	64.368	6.33	56	0	0	VP[dependo.XX-Macropus_eugenii(-)]-VP[dependo.XX-Macropus_eugenii(-)]	1939
63	Myotis_davidii	Mammalia	Laurasiatheria	Chiroptera	Vespertilionidae	Myotis	28006	Myotis_davidii	low_coverage	bgi_1.1_april_2013	Myotis_dav_unplaced.scaf.fa_25.fa	gi|432086621|gb|KB116268.1|	+	746140	750699	dependo.2-vespertilionidae-con	2	395	656	1480	2265	262	494	90.458	0	1	0	0	VP[dependo.2-vespertilionidae(+)]	4560
69	Lasiurus_borealis	Mammalia	Laurasiatheria	Chiroptera	Vespertilionidae	Lasiurus	27410	Lasiurus_borealis	low_coverage	LasBor_v1	GCA_004026805.1_LasBor_v1_BIUU_genomic.fna	PVJN01009107.1	+	7645	12178	dependo.2-vespertilionidae-con	2	105	673	302	2005	579	837	75.648	0	1	6	0	NS[dependo.2-vespertilionidae(+)]-VP[dependo.2-vespertilionidae(+)]-VP[dependo.2-vespertilionidae(+)]	4534
109	Murina_aurata_feae	Mammalia	Laurasiatheria	Chiroptera	Vespertilionidae	Murina	27502	Murina_aurata_feae	low_coverage	MurFea_v1	GCA_004026665.1_MurFea_v1_BIUU_genomic.fna	PVJC01011345.1	+	28905	33400	dependo.2-vespertilionidae-con	2	227	646	910	2139	421	638	76.01	0	1	3	0	NS[dependo.2-vespertilionidae(+)]-VP[dependo.2-vespertilionidae(+)]	4496
247	Myotis_brandtii	Mammalia	Laurasiatheria	Chiroptera	Vespertilionidae	Myotis	27897	Myotis_brandtii	low_coverage	ncbi_100_2013	mbr_ref_ASM41265v1_chrUn.fa	gi|549497831|ref|NW_005366109.1|	-	2423423	2427771	dependo.2-vespertilionidae-con	2	227	649	695	1960	426	698	82.394	0	1	3	0	NS[dependo.2-vespertilionidae(-)]	4349
133	Eptesicus_fuscus	Mammalia	Laurasiatheria	Chiroptera	Vespertilionidae	Eptesicus	27773	Eptesicus_fuscus	low_coverage	broad_1.0_april_2013	Eptesicus_f.unplaced.scaf.fa_17.fa	gi|411115880|gb|JH977683.1|	+	1718232	1722570	dependo.2-vespertilionidae-con	2	1	995	4	2988	1042	1035	59.213	0	1	17	0	NS[dependo.2-vespertilionidae(+)]	4339
167	Antrozous_pallidus	Mammalia	Laurasiatheria	Chiroptera	Vespertilionidae	Antrozous	27904	Antrozous_pallidus	low_coverage	AntPal_v1_BIUU	GCA_007922775.1_AntPal_v1_BIUU_genomic.fna	VMDP01009643.1	+	23666	27986	dependo.2-vespertilionidae-con	2	416	889	1252	2667	482	534	63.693	0	1	4	0	NS[dependo.2-vespertilionidae(+)]-VP[dependo.2-vespertilionidae(+)]	4321
251	Myotis_lucifugus	Mammalia	Laurasiatheria	Chiroptera	Vespertilionidae	Myotis	27684	Myotis_lucifugus	low_coverage	goldenpath_myoLuc2	myoLuc2.fa	GL430312	-	465565	469844	dependo.2-vespertilionidae-con	2	378	656	1145	1981	279	556	94.265	0	1	0	0	NS[dependo.2-vespertilionidae(-)]	4280
105	Pipistrellus_pipistrellus	Mammalia	Laurasiatheria	Chiroptera	Vespertilionidae	Pipistrellus	27833	Pipistrellus_pipistrellus	low_coverage	PipPip_v1	GCA_004026625.1_PipPip_v1_BIUU_genomic.fna	PVIQ01043641.1	-	4900	8313	dependo.2-vespertilionidae-con	2	289	625	13	1011	363	390	61.157	8.54	119	7	0	NS[dependo.2-vespertilionidae(-)]	3414
225	Oryctolagus_cuniculus	Mammalia	Euarchontoglires	Lagomorpha	Leporidae	Oryctolagus	27429	Oryctolagus_cuniculus	complete	goldenpath_oryCun2	oryCun2.fa	chr10	-	8292094	8295947	dependo.3-lagomorpha	3	25	488	436	1848	481	697	77.131	0	1	7	0	VP[REF_Dependo_AAV5(-)]-NS[dependo.3-lagomorpha(-)]	3854
250	Lepus_timidus	Mammalia	Euarchontoglires	Lagomorpha	Leporidae	Lepus	27886	Lepus_timidus	low_coverage	GCA_009760805	GCA_009760805.1_CIBIO-ISEM_LeTim_1.1_genomic.fna	CM019678.1	-	6041389	6044512	dependo.3-lagomorpha	3	25	699	463	2505	710	1023	79.859	0	1	10	0	NS[dependo.3-lagomorpha(-)]	3124
65	Ochotona_princeps	Mammalia	Euarchontoglires	Lagomorpha	Ochotonidae	Ochotona	27479	Ochotona_princeps	complete	goldenpath_ochPri3	ochPri3.fa_2.fa	JH802073	+	30948507	30949100	dependo.3-lagomorpha	3	80	282	1	588	214	119	42.523	3.37	33	5	0	NS[dependo.3-lagomorpha(+)]	594
60	Ceratotherium_simum	Mammalia	Laurasiatheria	Perissodactyla	Rhinocerotidae	Ceratotherium	27318	Ceratotherium_simum	low_coverage	goldenpath_cerSim1	cerSim1.fa	JH767777	+	15364994	15369034	dependo.4-rhinocerotidae-con	4	1004	1207	3056	3673	208	379	87.981	0	1	2	0	NS[dependo.4-rhinocerotidae(+)]-VP[dependo.4-rhinocerotidae(+)]	4041
40	Ceratotherium_simum_cottoni	Mammalia	Laurasiatheria	Perissodactyla	Rhinocerotidae	Ceratotherium	27818	Ceratotherium_simum_cottoni	low_coverage	CerCot_v1_BIUU	GCA_004027795.1_CerCot_v1_BIUU_genomic.fna	PVLE01002629.1	-	43677	47717	dependo.4-rhinocerotidae-con	4	1004	1207	3056	3673	208	379	87.981	0	1	2	0	VP[dependo.4-rhinocerotidae(-)]-NS[dependo.4-rhinocerotidae(-)]	4041
77	Diceros_bicornis	Mammalia	Laurasiatheria	Perissodactyla	Rhinocerotidae	Diceros	27862	Diceros_bicornis	low_coverage	DicBicMic_v1_BIUU	GCA_004027315.1_DicBicMic_v1_BIUU_genomic.fna	PVJY010006244.1	-	98986	102929	dependo.4-rhinocerotidae-con	4	1004	1331	2958	3944	329	667	96.657	0	1	1	0	VP[dependo.4-rhinocerotidae(-)]-NS[dependo.4-rhinocerotidae(-)]	3944
75	Dicerorhinus_sumatrensis_sumatrensis	Mammalia	Laurasiatheria	Perissodactyla	Rhinocerotidae	Dicerorhinus	27435	Dicerorhinus_sumatrensis_sumatrensis	low_coverage	ASM284483v1	GCA_002844835.1_ASM284483v1_genomic.fna	PEKH010002164.1	+	1427337	1431241	dependo.4-rhinocerotidae-con	4	780	1331	2244	3905	562	902	82.028	0	1	7	0	NS[dependo.4-rhinocerotidae(+)]-VP[dependo.4-rhinocerotidae(+)]	3905
81	Loxodonta_africana	Mammalia	Afrotheria	Proboscidea	Elephantidae	Loxodonta	28054	Loxodonta_africana	complete	goldenpath_loxAfr3	loxAfr3.fa	scaffold_4	+	61369363	61371114	dependo.6-elephantidae-con	6	1	584	1	1752	584	1207	98.459	0	1	0	0	NS[dependo.6-elephantidae(+)]	1752
227	Mustela_erminea	Mammalia	Laurasiatheria	Carnivora	Mustelidae	Mustela	27472	Mustela_erminea	low_coverage	mMusErm1	GCA_009829165.1_mMusErm1.alt_genomic.fna	WNLZ01003145.1	-	69181	70593	dependo.6-elephantidae-con	6	3	465	10	1371	467	219	27.195	5.78	67	6	0	NS[dependo.500-eHV.mustela(-)]	1413
9	Hydrochoerus_hydrochaeris	Mammalia	Euarchontoglires	Rodentia	Hydrochaeridae	Hydrochoerus	27510	Hydrochoerus_hydrochaeris	low_coverage	HydHyd_v1_BIUU	GCA_004027455.1_HydHyd_v1_BIUU_genomic.fna	PVLA01000095.1	-	553268	554515	dependo.6-elephantidae-con	6	244	389	661	1248	202	58.2	27.228	1.58	21	4	0	NS[dependo.45-heterocephalus(-)]	1248
124	Pedetes_capensis	Mammalia	Euarchontoglires	Rodentia	Pedetidae	Pedetes	27954	Pedetes_capensis	low_coverage	PedCap_v1_BIUU	GCA_007922755.1_PedCap_v1_BIUU_genomic.fna	VMDO01000768.1	+	227616	228605	dependo.6-elephantidae-con	6	74	418	10	990	354	197	38.418	4.54	60	10	0	Rep78[dependo.XX-Pedetes_capensis(+)]	990
132	Bradypus_variegatus	Mammalia	Xenarthra	Pilosa	Bradypodidae	Bradypus	27272	Bradypus_variegatus	low_coverage	BraVar_v1_BIUU	GCA_004027775.1_BraVar_v1_BIUU_genomic.fna	PVKY010006380.1	+	5435	6391	dependo.7-bradypus	7	1	178	361	897	179	365	99.441	3.68	131	1	0	NS[dependo.7-bradypus(+)]	957
32	Dasypus_novemcinctus	Mammalia	Xenarthra	Cingulata	Dasypodidae	Dasypus	27710	Dasypus_novemcinctus	complete	goldenpath_dasNov3	dasNov3.fa	JH575770	-	698573	699295	dependo.8-dasypus	8	1	191	28	600	191	398	99.476	9.22	145	0	0	VP[dependo.8-dasypus(-)]	723
127	Heterohyrax_brucei	Mammalia	Afrotheria	Hyracoidea	Procaviidae	Heterohyrax	27347	Heterohyrax_brucei	low_coverage	HetBruBak_v1_BIUU	GCA_004026845.1_HetBruBak_v1_BIUU_genomic.fna	PVJQ01008376.1	+	40240	42031	dependo.9-procavia	9	1	243	43	777	245	433	93.878	1.06	152	1	0	NS[dependo.9-procavia(+)]	1792
111	Procavia_capensis	Mammalia	Afrotheria	Hyracoidea	Procaviidae	Procavia	27810	Procavia_capensis	low_coverage	goldenpath_proCap1	proCap1.fa	scaffold_19252	-	22396	23364	dependo.9-procavia	9	1	243	43	777	245	460	99.184	1.34	167	1	0	NS[dependo.9-procavia(-)]	969
54	Orycteropus_afer	Mammalia	Afrotheria	Tubulidentata	Orycteropodidae	Orycteropus	27948	Orycteropus_afer	low_coverage	broad_v0_2012	O_afer_v0.assembly.fa	scaffold00268	+	4835582	4838424	dependo.12-orycteropus	12	1	592	1	1794	630	699	67.937	0	1	13	0	Rep78-VP[dependo.XX-Orycteropus(+)]	2843
212	Theropithecus_gelada	Mammalia	Euarchontoglires	Primates	Cercopithecidae	Theropithecus	27950	Theropithecus_gelada	low_coverage	Tgel_1.0	GCF_003255815.1_Tgel_1.0_genomic.fna	NC_037670.1	+	30672747	30675126	dependo.13-cercopithecidae-con	13	1	599	1	1797	599	1230	97.663	0	1	0	0	NS[dependo.13-cercopithecidae(+)]	2380
57	Papio_anubis	Mammalia	Euarchontoglires	Primates	Cercopithecidae	Papio	27385	Papio_anubis	low_coverage	goldenpath_papAnu2	papAnu2.fa_3.fa	chr3	+	14387629	14390008	dependo.13-cercopithecidae-con	13	1	615	1	1845	615	1244	97.886	0	1	0	0	NS[dependo.13-cercopithecidae(+)]	2380
58	Cercocebus_atys	Mammalia	Euarchontoglires	Primates	Cercopithecidae	Cercocebus	28046	Cercocebus_atys	low_coverage	ncbi_100_2015	9531_ref_Caty_1.0_chrUn.fa	gi|778128673|ref|NW_012004166.1|	-	1691316	1693695	dependo.13-cercopithecidae-con	13	1	615	1	1845	615	1255	97.236	0	1	0	0	NS[dependo.13-cercopithecidae(-)]	2380
57	Papio_anubis	Mammalia	Euarchontoglires	Primates	Cercopithecidae	Papio	27560	Papio_anubis	low_coverage	goldenpath_papAnu2	papAnu2.fa_1.fa	chr11	-	48228901	48230286	dependo.14-cercopithecidae-con	14	1	453	1	1359	453	890	94.481	0	1	0	0	NS[dependo.14-cercopithecidae(-)]	1386
58	Cercocebus_atys	Mammalia	Euarchontoglires	Primates	Cercopithecidae	Cercocebus	27896	Cercocebus_atys	low_coverage	ncbi_100_2015	9531_ref_Caty_1.0_chrUn.fa	gi|778117074|ref|NW_012006154.1|	+	2894065	2895450	dependo.14-cercopithecidae-con	14	1	453	1	1359	453	914	96.689	0	1	0	0	NS[dependo.14-cercopithecidae(+)]	1386
200	Mandrillus_leucophaeus	Mammalia	Euarchontoglires	Primates	Cercopithecidae	Mandrillus	28024	Mandrillus_leucophaeus	low_coverage	Mleu.le_1.0	9568_ref_Mleu.le_1.0_chrUn.fa	gi|786094026|ref|NW_012100098.1|	+	1005873	1007258	dependo.14-cercopithecidae-con	14	1	453	1	1359	453	926	97.792	0	1	0	0	NS[dependo.14-cercopithecidae(+)]	1386
151	Mandrillus_sphinx	Mammalia	Euarchontoglires	Primates	Cercopithecidae	Mandrillus	27893	Mandrillus_sphinx	low_coverage	BGI_mandrill_1.0	GCA_004802615.1_BGI_mandrill_1.0_genomic.fna	SRPC01038205.1	-	29298	30683	dependo.14-cercopithecidae-con	14	1	453	1	1359	453	929	98.013	0	1	0	0	NS[dependo.14-cercopithecidae(-)]	1386
173	Erythrocebus_patas	Mammalia	Euarchontoglires	Primates	Cercopithecidae	Erythrocebus	28045	Erythrocebus_patas	low_coverage	EryPat_v1	GCA_004027335.1_EryPat_v1_BIUU_genomic.fna	PVJV010078729.1	-	3740	4492	dependo.14-cercopithecidae-con	14	1	251	1	753	251	450	85.657	2.01	161	0	0	NS[dependo.160-Erythrocebus_patas(-)]	753
27	Ctenomys_sociabilis	Mammalia	Euarchontoglires	Rodentia	Ctenomyidae	Ctenomys	27901	Ctenomys_sociabilis	low_coverage	CteSoc_v1	GCA_004027205.1_CteGun_v1_BIUU_genomic.fna	PVKB01000462.1	-	154376	154930	dependo.14-cercopithecidae-con	14	218	431	1	546	214	93.2	33.645	2.52	24	5	0	NK[dependo.XX-Ctenomys_sociabilis(-)]	555
142	Rattus_norvegicus	Mammalia	Euarchontoglires	Rodentia	Muridae	Rattus	27626	Rattus_norvegicus	complete	goldenpath_rn6	rn6.fa_2.fa	chr13	+	111538960	111539493	dependo.14-cercopithecidae-con	14	143	175	436	534	33	47.8	57.576	1.01	20	0	0	NK[dependo.XX-Grammomys(+)]	534
263	Cervus_elaphus_hippelaphus	Mammalia	Laurasiatheria	Unclassified	Cervidae	Cervus	27755	Cervus_elaphus_hippelaphus	low_coverage	Celaphus1.0	GCA_002197005.1_Celaphus1.0_genomic.fna	CM008041.1	-	61072656	61073381	dependo.22-laurasiatheria-con	22	1	205	100	696	209	199	56.459	2.35	66	7	0	NS[dependo.22-laurasiatheria(-)]	726
77	Diceros_bicornis	Mammalia	Laurasiatheria	Perissodactyla	Rhinocerotidae	Diceros	27960	Diceros_bicornis	low_coverage	DicBicMic_v1_BIUU	GCA_004027315.1_DicBicMic_v1_BIUU_genomic.fna	PVJY010002153.1	-	50633	51349	dependo.22-laurasiatheria-con	22	1	206	64	687	213	199	56.338	1.53	66	4	0	NS[dependo.22-laurasiatheria(-)]	717
262	Hipposideros_galeritus	Mammalia	Laurasiatheria	Chiroptera	Hipposideridae	Hipposideros	27612	Hipposideros_galeritus	low_coverage	HipGal_v1	GCA_004027415.1_HipGal_v1_BIUU_genomic.fna	PVLB01002856.1	+	80953	81621	dependo.22-laurasiatheria-con	22	10	206	1	600	200	184	54.5	1.01	60	2	0	NS[dependo.36-vespertilionidae(+)]	669
207	Redunca_redunca	Mammalia	Laurasiatheria	Unclassified	Bovidae	Redunca	27357	Redunca_redunca	low_coverage	BHR	GCA_006410935.1_BHR_genomic.fna	SJYQ01012414.1	+	8869	9525	dependo.22-laurasiatheria-con	22	81	201	1	351	121	137	66.116	2.03	42	3	0	NS[dependo.22-laurasiatheria(+)]	657
133	Eptesicus_fuscus	Mammalia	Laurasiatheria	Chiroptera	Vespertilionidae	Eptesicus	27909	Eptesicus_fuscus	low_coverage	broad_1.0_april_2013	Eptesicus_f.unplaced.scaf.fa_19.fa	gi|411115864|gb|JH977699.1|	+	1476841	1477491	dependo.22-laurasiatheria-con	22	1	204	4	585	208	189	56.25	1.25	62	7	0	NS[dependo.36-vespertilionidae(+)]	651
170	Kobus_ellipsiprymnus	Mammalia	Laurasiatheria	Unclassified	Bovidae	Kobus	27834	Kobus_ellipsiprymnus	low_coverage	DFW-scaff	GCA_006410655.1_DFW_genomic.fna	SJYR01003115.1	-	140474	141103	dependo.22-laurasiatheria-con	22	80	201	1	354	122	152	68.033	2.89	48	3	0	NS[dependo.22-laurasiatheria(-)]	630
92	Rhinolophus_ferrumequinum	Mammalia	Laurasiatheria	Chiroptera	Rhinolophidae	Rhinolophus	27717	Rhinolophus_ferrumequinum	low_coverage	ncbi_AWHA00000000.1_2015-05	AWHA01.2.fsa_nt.fa	gi|539521749|gb|AWHA01101022.1|	+	15930	16448	dependo.22-laurasiatheria-con	22	58	201	1	441	147	156	58.503	2.22	50	1	0	NS[dependo.36-vespertilionidae(+)]	519
140	Mormoops_blainvillei	Mammalia	Laurasiatheria	Chiroptera	Mormoopidae	Mormoops	27408	Mormoops_blainvillei	low_coverage	MorMeg_v1	GCA_004026545.1_MorMeg_v1_BIUU_genomic.fna	PVJD01010147.1	-	33464	33967	dependo.22-laurasiatheria-con	22	88	206	1	363	131	103	50.382	7.21	30	3	0	NS[dependo.36-vespertilionidae(-)]	504
166	Camelus_bactrianus	Mammalia	Laurasiatheria	Unclassified	Camelidae	Camelus	27820	Camelus_bactrianus	low_coverage	MBC_1.0	9837_ref_Ca_bactrianus_MBC_1.0_chrUn.fa	gi|741191286|ref|NW_011513264.1|	-	554173	554699	dependo.23-camelidae-con	23	1	73	303	521	73	150	95.89	1.88	49	0	0	VP[dependo.23-camelidae(-)]	527
39	Camelus_dromedarius	Mammalia	Laurasiatheria	Unclassified	Camelidae	Camelus	27604	Camelus_dromedarius	low_coverage	ncbi_GCF_000767585_2015-05-14	9838_ref_PRJNA234474_Ca_dromedarius_V1.0_chrUn.fa	gi|742338961|ref|NW_011591754.1|	-	31379	31899	dependo.23-camelidae-con	23	1	73	297	515	73	152	97.26	1.9	50	0	0	VP[dependo.23-camelidae(-)]	521
79	Prolemur_simus	Mammalia	Euarchontoglires	Primates	Lemuridae	Prolemur	27304	Prolemur_simus	low_coverage	Prosim_1.0	GCA_003258685.1_Prosim_1.0_genomic.fna	MPIZ01000190.1	+	715416	716234	dependo.26-lemuridae-con	26	1	266	22	819	266	536	98.12	0	1	0	0	VP[dependo.26-lemuridae(+)]	819
128	Eulemur_flavifrons	Mammalia	Euarchontoglires	Primates	Lemuridae	Eulemur	27786	Eulemur_flavifrons	low_coverage	Eflavifronsk33QCA	GCA_001262665.1_Eflavifronsk33QCA_genomic.fna	LGHW01006933.1	+	8477	9292	dependo.26-lemuridae-con	26	1	266	22	816	266	518	95.865	0	1	1	0	VP[dependo.26-lemuridae(+)]	816
135	Eulemur_fulvus	Mammalia	Euarchontoglires	Primates	Lemuridae	Eulemur	28016	Eulemur_fulvus	low_coverage	EulFul_v1	GCA_004027275.1_EulFul_v1_BIUU_genomic.fna	PVJU010024054.1	+	12697	13446	dependo.26-lemuridae-con	26	16	266	1	750	251	476	94.422	1.47	174	1	0	VP[dependo.26-lemuridae(+)]	750
68	Eulemur_macaco	Mammalia	Euarchontoglires	Primates	Lemuridae	Eulemur	27432	Eulemur_macaco	low_coverage	Emacaco_refEf	GCA_001262655.1_Emacaco_refEf_BWA_oneround_genomic.fa	LGHX01006817.1	+	8279	9028	dependo.26-lemuridae-con	26	16	266	1	750	251	490	96.016	3.94	180	1	0	VP[dependo.26-lemuridae(+)]	750
128	Eulemur_flavifrons	Mammalia	Euarchontoglires	Primates	Lemuridae	Eulemur	27689	Eulemur_flavifrons	low_coverage	Eflavifronsk33QCA	GCA_001262665.1_Eflavifronsk33QCA_genomic.fna	LGHW01005313.1	-	140526	142454	dependo.27-eulemur-con	27	1	643	1	1929	643	1195	99.222	0	1	0	0	NS[dependo.27-eulemur(-)]	1929
68	Eulemur_macaco	Mammalia	Euarchontoglires	Primates	Lemuridae	Eulemur	27403	Eulemur_macaco	low_coverage	Emacaco_refEf	GCA_001262655.1_Emacaco_refEf_BWA_oneround_genomic.fa	LGHX01005234.1	-	139401	141329	dependo.27-eulemur-con	27	1	643	1	1929	643	1210	100	0	1	0	0	NS[dependo.27-eulemur(-)]	1929
135	Eulemur_fulvus	Mammalia	Euarchontoglires	Primates	Lemuridae	Eulemur	27745	Eulemur_fulvus	low_coverage	EulFul_v1	GCA_004027275.1_EulFul_v1_BIUU_genomic.fna	PVJU010013730.1	+	9126	10980	dependo.27-eulemur-con	27	58	524	162	1571	470	807	86.17	0	1	1	0	NS[dependo.27-eulemur(+)]	1855
50	Daubentonia_madagascariensis	Mammalia	Euarchontoglires	Primates	Daubentoniidae	Daubentonia	27495	Daubentonia_madagascariensis	low_coverage	DauMad_v1_BIUU	GCA_004027145.1_DauMad_v1_BIUU_genomic.fna	PVJZ01000109.1	-	755660	759731	dependo.28-daubentonia	28	762	1351	2300	4072	591	1047	95.431	0	1	1	0	VP[dependo.1-whippomorpha(-)]-NS[dependo.28-daubentonia(-)]	4072
130	Hippopotamus_amphibius	Mammalia	Laurasiatheria	Unclassified	Hippopotamidae	Hippopotamus	27705	Hippopotamus_amphibius	low_coverage	ASM299558v1	GCA_002995585.1_ASM299558v1_genomic.fna	NKPW01001970.1	-	58998	62816	dependo.28-daubentonia	28	1039	1201	2918	3406	163	227	66.871	0	1	0	0	VP[dependo.1-whippomorpha(-)]-VP[dependo.XX-hippopotammus(-)]-NS[dependo.1-whippomorpha(-)]	3819
50	Daubentonia_madagascariensis	Mammalia	Euarchontoglires	Primates	Daubentoniidae	Daubentonia	27269	Daubentonia_madagascariensis	low_coverage	broad_1.0_oct_2012	AGTM01.fasta_10.fa	gi|369230428|gb|AGTM011530899.1|	+	3761	6527	dependo.28-daubentonia	28	194	373	586	1125	180	363	99.444	0	1	0	0	NS[dependo.28-daubentonia(+)]-VP[dependo.28-daubentonia(+)]	2767
31	Desmodus_rotundus	Mammalia	Laurasiatheria	Chiroptera	Phyllostomidae	Desmodus	27496	Desmodus_rotundus	low_coverage	GCA_002940915	GCA_002940915.1_ASM294091v1_genomic.fna	KZ672090.1	-	34938448	34942308	dependo.30-chiroptera	30	677	1034	2749	3861	371	531	76.55	0	1	7	0	VP[dependo.1-whippomorpha(-)]-NS[dependo.32-chiroptera(-)]	3861
31	Desmodus_rotundus	Mammalia	Laurasiatheria	Chiroptera	Phyllostomidae	Desmodus	27695	Desmodus_rotundus	low_coverage	GCA_002940915	GCA_002940915.1_ASM294091v1_genomic.fna	KZ672090.1	+	28484884	28486454	dependo.30-chiroptera	30	173	312	366	803	146	210	71.918	6.08	107	1	0	NS[dependo.40-phyllostomidae(+)]-NS[dependo.30-chiroptera(+)]	1571
113	Rhinolophus_sinicus	Mammalia	Laurasiatheria	Chiroptera	Rhinolophidae	Rhinolophus	27528	Rhinolophus_sinicus	low_coverage	ASM188883v1	GCF_001888835.1_ASM188883v1_genomic.fna	NW_017739794.1	-	114865	118706	dependo.37-rhinolophus	37	720	1060	2546	3574	343	716	98.834	0	1	1	0	VP[dependo.35-vespertilionidae(-)]-NS[dependo.35-vespertilionidae(-)]	3842
49	Muscardinus_avellanarius	Mammalia	Euarchontoglires	Rodentia	Gliridae	Muscardinus	27780	Muscardinus_avellanarius	low_coverage	MusAve_v1	GCA_004027005.1_MusAve_v1_BIUU_genomic.fna	PVJB01055978.1	+	3313	3956	dependo.37-rhinolophus	37	1065	1144	402	641	80	73.6	45	1.67	28	0	0	Rep78[dependo.XX-Muscardinus(+)]	644
20	Anoura_caudifer	Mammalia	Laurasiatheria	Chiroptera	Phyllostomidae	Anoura	27795	Anoura_caudifer	low_coverage	AnoCau_v1_BIUU	GCA_004027475.1_AnoCau_v1_BIUU_genomic.fna	PVKU01001227.1	-	312771	315833	dependo.40-phyllostomidae-con	40	1	321	406	1377	324	495	82.716	1.12	169	1	0	VP[dependo.XX-desmodus(-)]-NS[dependo.40-phyllostomidae(-)]	3063
140	Mormoops_blainvillei	Mammalia	Laurasiatheria	Chiroptera	Mormoopidae	Mormoops	27677	Mormoops_blainvillei	low_coverage	MorMeg_v1	GCA_004026545.1_MorMeg_v1_BIUU_genomic.fna	PVJD01000288.1	+	295878	297671	dependo.40-phyllostomidae-con	40	151	344	1051	1644	198	279	75.758	5.54	91	2	0	NS[dependo.32-chiroptera(+)]-NS[dependo.30-chiroptera(+)]	1794
16	Chinchilla_lanigera	Mammalia	Euarchontoglires	Rodentia	Chinchillidae	Chinchilla	27320	Chinchilla_lanigera	low_coverage	broad_v0_2012	C_lanigera_v0.assembly.fasta_15.fa	scaffold00050	-	18094480	18095979	dependo.42-chinchilla	42	1	479	7	1464	486	985	98.56	0	1	1	0	NS[dependo.42-chinchilla(-)]	1500
131	Erethizon_dorsatum	Mammalia	Euarchontoglires	Rodentia	Erethizontidae	Erethizon	27656	Erethizon_dorsatum	low_coverage	GSC_porc_1.0	GCA_006547115.1_GSC_porc_1.0_genomic.fna	ML655423.1	-	14232217	14233737	dependo.43-octodon	43	1	492	7	1488	494	841	83.603	0	1	2	0	NS[dependo.43-octodon(-)]	1521
61	Octodon_degus	Mammalia	Euarchontoglires	Rodentia	Octodontidae	Octodon	27607	Octodon_degus	low_coverage	broad_1.0_july_2012	O_degus_v0.assembly.fasta_15.fa	scaffold00064	+	8427673	8429187	dependo.43-octodon	43	1	498	7	1506	500	1010	99.6	0	1	2	0	NS[dependo.43-octodon(+)]	1515
10	Dolichotis_patagonum	Mammalia	Euarchontoglires	Rodentia	Caviidae	Dolichotis	27295	Dolichotis_patagonum	low_coverage	DolPat_v1	GCA_004027295.1_DolPat_v1_BIUU_genomic.fna	PVJX010019084.1	+	3790	5159	dependo.43-octodon	43	118	464	318	1361	377	206	41.645	1.15	90	13	0	Rep78[dependo.XXZ-dolichotis_branickii(+)]	1370
9	Hydrochoerus_hydrochaeris	Mammalia	Euarchontoglires	Rodentia	Hydrochaeridae	Hydrochoerus	27414	Hydrochoerus_hydrochaeris	low_coverage	HydHyd_v1_BIUU	GCA_004027455.1_HydHyd_v1_BIUU_genomic.fna	PVLA01015047.1	+	16236	17495	dependo.43-octodon	43	1	228	7	702	237	215	54.008	2.28	100	6	0	NS[dependo.43-octodon(+)]-NS[REF_Dependo_MASTER_AAV2(+)]	1260
131	Erethizon_dorsatum	Mammalia	Euarchontoglires	Rodentia	Erethizontidae	Erethizon	28022	Erethizon_dorsatum	low_coverage	GSC_porc_1.0	GCA_006547115.1_GSC_porc_1.0_genomic.fna	ML655392.1	+	4058681	4059871	dependo.43-octodon	43	106	419	1	1191	399	135	31.83	5.06	37	13	0	NS[dependo.43-octodon(+)]	1191
10	Dolichotis_patagonum	Mammalia	Euarchontoglires	Rodentia	Caviidae	Dolichotis	27551	Dolichotis_patagonum	low_coverage	DolPat_v1	GCA_004027295.1_DolPat_v1_BIUU_genomic.fna	PVJX010041579.1	+	8407	9493	dependo.43-octodon	43	13	169	1	474	160	123	48.125	5.36	57	4	0	VP[dependo.XX-dolichotis(+)]	1087
112	Heterocephalus_glaber	Mammalia	Euarchontoglires	Rodentia	Bathyergidae	Heterocephalus	27286	Heterocephalus_glaber	low_coverage	goldenpath_hetGla2	hetGla2.fa_2.fa	JH602063	+	15521109	15522061	dependo.43-octodon	43	325	492	258	752	168	222	69.643	1.14	70	2	0	NS[dependo.58-heterocephalus(+)]	953
10	Dolichotis_patagonum	Mammalia	Euarchontoglires	Rodentia	Caviidae	Dolichotis	27753	Dolichotis_patagonum	low_coverage	DolPat_v1	GCA_004027295.1_DolPat_v1_BIUU_genomic.fna	PVJX010071470.1	-	3878	4752	dependo.43-octodon	43	295	408	242	562	114	145	64.912	4.63	78	1	0	NS[dependo.43-octodon(-)]	875
10	Dolichotis_patagonum	Mammalia	Euarchontoglires	Rodentia	Caviidae	Dolichotis	27331	Dolichotis_patagonum	low_coverage	DolPat_v1	GCA_004027295.1_DolPat_v1_BIUU_genomic.fna	PVJX010073744.1	-	3950	4818	dependo.43-octodon	43	295	408	242	559	114	146	65.789	3.22	77	2	0	NS[dependo.43-octodon(-)]	869
46	Dinomys_branickii	Mammalia	Euarchontoglires	Rodentia	Dinomyidae	Dinomys	27651	Dinomys_branickii	low_coverage	DinBra_v1	GCA_004027595.1_DinBra_v1_BIUU_genomic.fna	PVLD010008594.1	+	71559	72363	dependo.43-octodon	43	3	117	1	345	115	174	73.913	1.57	80	0	0	NS[dependo.43-octodon(+)]	805
27	Ctenomys_sociabilis	Mammalia	Euarchontoglires	Rodentia	Ctenomyidae	Ctenomys	27823	Ctenomys_sociabilis	low_coverage	CteSoc_v1	GCA_004027165.1_CteSoc_v1_BIUU_genomic.fna	PVKA01044981.1	-	15209	15907	dependo.43-octodon	43	393	492	358	657	100	159	78	4.78	48	0	0	Rep78[dependo.XX-Ctenomys_sociabilis(-)]	699
17	Petromus_typicus	Mammalia	Euarchontoglires	Rodentia	Petromuridae	Petromus	27583	Petromus_typicus	low_coverage	PetTyp_v1_BIUU	GCA_004026965.1_PetTyp_v1_BIUU_genomic.fna	PVIR01059760.1	-	5218	5814	dependo.43-octodon	43	325	492	37	561	175	260	72.571	1.97	87	1	0	NS[dependo.43-octodon(-)]	597
27	Ctenomys_sociabilis	Mammalia	Euarchontoglires	Rodentia	Ctenomyidae	Ctenomys	27501	Ctenomys_sociabilis	low_coverage	CteSoc_v1	GCA_004027165.1_CteSoc_v1_BIUU_genomic.fna	PVKA01046337.1	-	14471	14995	dependo.43-octodon	43	332	492	1	483	161	286	84.472	6.34	98	0	0	Rep78[dependo.XX-Ctenomys_sociabilis(-)]	525
146	Fukomys_damarensis	Mammalia	Euarchontoglires	Rodentia	Bathyergidae	Fukomys	27716	Fukomys_damarensis	low_coverage	ncbi_1.0_2014	885580_ref_DMR_v1.0_chrUn.fa	gi|730053839|ref|NW_011044239.1|	-	3549538	3550881	dependo.45-rodent-con	45	1	156	844	1311	174	150	56.897	5.18	45	9	0	NS[dependo.45-heterocephalus(-)]-NS[dependo.45-heterocephalus(-)]	1344
112	Heterocephalus_glaber	Mammalia	Euarchontoglires	Rodentia	Bathyergidae	Heterocephalus	27835	Heterocephalus_glaber	low_coverage	goldenpath_hetGla2	hetGla2.fa_4.fa	JH602103	-	4913652	4914734	dependo.45-rodent-con	45	71	171	760	1071	104	132	66.346	7.21	44	2	0	NS[dependo.45-heterocephalus(-)]	1083
52	Graphiurus_murinus	Mammalia	Euarchontoglires	Rodentia	Gliridae	Graphiurus	27640	Graphiurus_murinus	low_coverage	GraMur_v1_BIUU	GCA_004027655.1_GraMur_v1_BIUU_genomic.fna	PVLC010001676.1	+	49624	51706	dependo.46-gliridae-con	46	1	373	184	1293	373	620	83.646	0	1	2	0	NS[dependo.46-glires(+)]	2083
52	Graphiurus_murinus	Mammalia	Euarchontoglires	Rodentia	Gliridae	Graphiurus	27578	Graphiurus_murinus	low_coverage	GraMur_v1_BIUU	GCA_004027655.1_GraMur_v1_BIUU_genomic.fna	PVLC010002029.1	-	98795	99433	dependo.46-gliridae-con	46	9	223	22	639	215	272	70.698	7.71	92	1	0	NS[dependo.46-glires(-)]	639
146	Fukomys_damarensis	Mammalia	Euarchontoglires	Rodentia	Bathyergidae	Fukomys	27898	Fukomys_damarensis	low_coverage	ncbi_1.0_2014	885580_ref_DMR_v1.0_chrUn.fa	gi|730052864|ref|NW_011045214.1|	+	231639	232205	dependo.53-cavidae-con	53	1	155	1	465	155	272	83.871	2.15	96	0	0	Rep78[dependo.XXY-Fukomys(+)]	567
117	Cavia_porcellus	Mammalia	Euarchontoglires	Rodentia	Caviidae	Cavia	27274	Cavia_porcellus	low_coverage	goldenpath_cavPor3	cavPor3.fa	scaffold_28	+	20602822	20603648	dependo.54-cavidae-con	54	1	177	1	534	178	350	97.191	1.03	125	1	0	NS[dependo.54-cavidae(+)]	827
96	Cavia_tschudii	Mammalia	Euarchontoglires	Rodentia	Caviidae	Cavia	27872	Cavia_tschudii	low_coverage	CavTsc_v1_BIUU	GCA_004027695.1_CavTsc_v1_BIUU_genomic.fna	PVKK010024510.1	-	7876	8702	dependo.54-cavidae-con	54	1	177	1	534	178	350	97.191	1.03	125	1	0	NS[dependo.54-cavidae(-)]	827
11	Cavia_aperea	Mammalia	Euarchontoglires	Rodentia	Caviidae	Cavia	27426	Cavia_aperea	low_coverage	CavAp1.0	GCA_000688575.1_CavAp1.0_genomic.fna	AVPZ01000211.1	+	20591520	20592110	dependo.54-cavidae-con	54	1	196	1	588	197	307	79.188	6.71	110	2	0	NS[dependo.54-cavidae(+)]	591
117	Cavia_porcellus	Mammalia	Euarchontoglires	Rodentia	Caviidae	Cavia	27594	Cavia_porcellus	low_coverage	goldenpath_cavPor3	cavPor3.fa	scaffold_35	+	10623727	10625171	dependo.56-cavidae-con-Morc1	56	1	138	16	429	138	290	99.275	0	1	0	0	NS[dependo.56-cavid(+)]	1445
11	Cavia_aperea	Mammalia	Euarchontoglires	Rodentia	Caviidae	Cavia	27579	Cavia_aperea	low_coverage	CavAp1.0	GCA_000688575.1_CavAp1.0_genomic.fna	AVPZ01000289.1	+	10616751	10618195	dependo.56-cavidae-con-Morc1	56	1	138	16	429	138	290	99.275	0	1	0	0	NS[dependo.56-cavid(+)]	1445
96	Cavia_tschudii	Mammalia	Euarchontoglires	Rodentia	Caviidae	Cavia	27789	Cavia_tschudii	low_coverage	CavTsc_v1_BIUU	GCA_004027695.1_CavTsc_v1_BIUU_genomic.fna	PVKK010015625.1	+	15372	16816	dependo.56-cavidae-con-Morc1	56	1	138	16	429	138	290	99.275	0	1	0	0	NS[dependo.56-cavid(+)]	1445
56	Gymnobelideus_leadbeateri	Mammalia	Unclassified	Diprotodontia	Petauridae	Gymnobelideus	27743	Gymnobelideus_leadbeateri	low_coverage	LBP_v1_scaffolds	GCA_011680675.1_LBP_v1_genomic.fna	WOXC01008261.1	-	238713	242586	dependo.60-gymnobelideus	60	2	695	13	2103	708	1147	86.723	0	1	4	0	VP[dependo.XX_Gymnobelideus(-)]-NS[REF_Dependo_AAV5(-)]	3874
62	Macropus_eugenii	Mammalia	Unclassified	Diprotodontia	Macropodidae	Macropus	27638	Macropus_eugenii	low_coverage	goldenpath_macEug2	macEug2.fa	GL111622	-	10412	10987	dependo.60-gymnobelideus	60	1058	1230	76	576	173	144	52.023	7.82	42	2	0	VP[dependo.0-macropus(-)]	576
62	Macropus_eugenii	Mammalia	Unclassified	Diprotodontia	Macropodidae	Macropus	27361	Macropus_eugenii	low_coverage	goldenpath_macEug2	macEug2.fa	GL115959	+	10902	11420	dependo.60-gymnobelideus	60	1115	1282	7	510	168	216	64.286	2.03	67	0	0	NK[dependo.XX-Macropus_eugenii(+)]	519
197	Micronycteris_hirsuta	Mammalia	Laurasiatheria	Chiroptera	Phyllostomidae	Micronycteris	27655	Micronycteris_hirsuta	low_coverage	MicHir_v1	GCA_004026765.1_MicHir_v1_BIUU_genomic.fna	PVJI01018904.1	-	13800	17595	dependo.83-phyllostomidae	83	812	1121	2587	3507	317	345	64.353	5.41	125	6	0	VP[dependo.1-whippomorpha(-)]-VP[dependo.28-daubentonia(-)]-NS[dependo.4-rhinocerotidae(-)]	3796
20	Anoura_caudifer	Mammalia	Laurasiatheria	Chiroptera	Phyllostomidae	Anoura	27530	Anoura_caudifer	low_coverage	AnoCau_v1_BIUU	GCA_004027475.1_AnoCau_v1_BIUU_genomic.fna	PVKU01002692.1	-	189590	193100	dependo.83-phyllostomidae	83	1	208	7	636	211	345	81.991	0	1	2	0	NK[dependo.XX-Carollia_perspicillata(-)]-VP[dependo.1-whippomorpha(-)]-NS[dependo.4-rhinocerotidae(-)]	3511
184	Tonatia_saurophila	Mammalia	Laurasiatheria	Chiroptera	Phyllostomidae	Tonatia	27475	Tonatia_saurophila	low_coverage	TonSau_v1_BIUU	GCA_004024845.1_TonSau_v1_BIUU_genomic.fna	PVIA01000230.1	-	70846	74183	dependo.83-phyllostomidae	83	753	925	2198	2719	174	319	88.506	0	1	1	0	VP[dependo.1-whippomorpha(-)]-NS[dependo.30-chiroptera(-)]-NS[dependo.4-rhinocerotidae(-)]	3338
163	Phyllostomus_discolor	Mammalia	Laurasiatheria	Chiroptera	Phyllostomidae	Phyllostomus	28039	Phyllostomus_discolor	low_coverage	mPhyDis1_v1	GCA_004115245.1_mPhyDis1_v1.h_genomic.fna	RXPB01000259.1	+	5470	8475	dependo.83-phyllostomidae	83	743	1203	1615	3006	474	511	62.658	0	1	5	0	NS[dependo.30-chiroptera(+)]-VP[dependo.1-whippomorpha(+)]	3006
197	Micronycteris_hirsuta	Mammalia	Laurasiatheria	Chiroptera	Phyllostomidae	Micronycteris	27654	Micronycteris_hirsuta	low_coverage	MicHir_v1	GCA_004026765.1_MicHir_v1_BIUU_genomic.fna	PVJI01007531.1	-	43352	46501	dependo.86-Phyllostomidae	86	277	585	687	1613	309	641	100	0	1	0	0	VP[dependo.XX-desmodus(-)]-NS[dependo.40-phyllostomidae(-)]	3150
184	Tonatia_saurophila	Mammalia	Laurasiatheria	Chiroptera	Phyllostomidae	Tonatia	27449	Tonatia_saurophila	low_coverage	TonSau_v1_BIUU	GCA_004024845.1_TonSau_v1_BIUU_genomic.fna	PVIA01004114.1	-	121141	124165	dependo.86-Phyllostomidae	86	96	497	22	1215	405	454	63.21	0	1	6	0	VP[dependo.XX-desmodus(-)]-NS[dependo.40-phyllostomidae(-)]	3025
91	Carollia_perspicillata	Mammalia	Laurasiatheria	Chiroptera	Phyllostomidae	Carollia	28029	Carollia_perspicillata	low_coverage	CarPer_v1_BIUU	GCA_004027735.1_CarPer_v1_BIUU_genomic.fna	PVKM010047255.1	-	8525	11485	dependo.86-Phyllostomidae	86	640	1057	1648	2937	438	377	53.881	4.73	170	9	0	VP[dependo.XX-desmodus(-)]-NS[dependo.40-phyllostomidae(-)]	2961
93	Macrotus_californicus	Mammalia	Laurasiatheria	Chiroptera	Phyllostomidae	Macrotus	27302	Macrotus_californicus	low_coverage	MacCal_v1_BIUU	GCA_007922815.1_MacCal_v1_BIUU_genomic.fna	VMDR010051664.1	+	3395	6086	dependo.86-Phyllostomidae	86	228	522	37	933	317	313	59.621	0	1	7	0	NS[dependo.40-phyllostomidae(+)]-VP[dependo.XX-desmodus(+)]	2692
31	Desmodus_rotundus	Mammalia	Laurasiatheria	Chiroptera	Phyllostomidae	Desmodus	27965	Desmodus_rotundus	low_coverage	GCA_002940915	GCA_002940915.1_ASM294091v1_genomic.fna	KZ672450.1	-	13086036	13087249	dependo.86-Phyllostomidae	86	789	1128	192	1211	340	629	89.706	0	1	0	0	VP[dependo.XX-desmodus(-)]	1214
10	Dolichotis_patagonum	Mammalia	Euarchontoglires	Rodentia	Caviidae	Dolichotis	27908	Dolichotis_patagonum	low_coverage	DolPat_v1	GCA_004027295.1_DolPat_v1_BIUU_genomic.fna	PVJX010010833.1	+	44120	44933	dependo.100-Cuniculus-paca	100	1	214	1	603	215	160	45.116	1.94	50	4	0	Rep78[dependo.XXY-Cuniculus(+)]	814
10	Dolichotis_patagonum	Mammalia	Euarchontoglires	Rodentia	Caviidae	Dolichotis	27850	Dolichotis_patagonum	low_coverage	DolPat_v1	GCA_004027295.1_DolPat_v1_BIUU_genomic.fna	PVJX010010833.1	+	29207	29985	dependo.100-Cuniculus-paca	100	1	214	7	588	215	209	53.488	6.56	70	5	0	Rep78[dependo.XXY-Cuniculus(+)]	779
25	Thamnophis_elegans	Unclassified	Lepidosauria	Squamata	Colubridae	Thamnophis	27641	Thamnophis_elegans	low_coverage	rThaEle1.pri	GCF_009769535.1_rThaEle1.pri_genomic.fna	NC_045548.1	-	15223162	15227162	dependo.111-thamnophis	111	285	1009	854	3028	725	1482	100	0	1	0	0	NS[dependo.201-thamnophis(-)]	4001
25	Thamnophis_elegans	Unclassified	Lepidosauria	Squamata	Colubridae	Thamnophis	27733	Thamnophis_elegans	low_coverage	rThaEle1.pri	GCF_009769535.1_rThaEle1.pri_genomic.fna	NC_045558.1	+	807788	809518	dependo.111-thamnophis	111	612	1009	538	1731	398	788	94.472	0	1	0	0	NS[dependo.201-thamnophis(+)]	1731
238	Pelusios_castaneus	Unclassified	Unclassified	Testudines	Pelomedusidae	Pelusios	27696	Pelusios_castaneus	low_coverage	1	GCA_007922175.1_Pelusios_castaneus-1.0_genomic.fna	ML686014.1	+	456895	459907	dependo.121-pelusios	121	1	251	756	4	251	523	100	0	1	0	0	VP[dependo.121-pelusios(-)]-VP[dependo.120-pelusios(+)]	3013
189	Mastomys_coucha	Mammalia	Euarchontoglires	Rodentia	Muridae	Mastomys	27383	Mastomys_coucha	low_coverage	UCSF_Mcou_1	GCF_008632895.1_UCSF_Mcou_1_genomic.fna	NW_022196899.1	-	7456561	7461071	dependo.150-Mastomys-coucha	150	129	455	387	1367	327	637	99.694	0	1	0	0	VP[dependo.51-muridae(-)]-Rep78[dependo.XX-mastomys(-)]-Rep78[dependo.XX-mastomys(-)]	4511
67	Grammomys_surdaster	Mammalia	Euarchontoglires	Rodentia	Muridae	Grammomys	27915	Grammomys_surdaster	low_coverage	NIH_TR_1.0	GCF_004785775.1_NIH_TR_1.0_genomic.fna	NW_021604565.1	+	2622956	2624139	dependo.150-Mastomys-coucha	150	851	1018	260	721	168	140	51.786	6.61	45	3	0	VP[REF_Dependo_AAV5(+)]-VP[REF_Dependo_AAV5(+)]	1184
52	Graphiurus_murinus	Mammalia	Euarchontoglires	Rodentia	Gliridae	Graphiurus	27963	Graphiurus_murinus	low_coverage	GraMur_v1_BIUU	GCF_004785775.1_NIH_TR_1.0_genomic.fna	NW_021604565.1	+	2622956	2624139	dependo.150-Mastomys-coucha	150	851	1018	260	721	168	140	51.786	6.61	45	3	0	VP[REF_Dependo_AAV5(+)]-VP[REF_Dependo_AAV5(+)]	1184
101	Mus_spretus	Mammalia	Euarchontoglires	Rodentia	Muridae	Mus	27984	Mus_spretus	low_coverage	SPRET_EiJ_v1	GCA_001624865.1_SPRET_EiJ_v1_genomic.fa	CM004095.1	-	13383378	13384479	dependo.150-Mastomys-coucha	150	950	1120	375	881	174	198	62.644	7.69	79	3	0	VP[REF_Dependo_AAV5(-)]-VP[REF_Dependo_AAV5(-)]	1102
142	Rattus_norvegicus	Mammalia	Euarchontoglires	Rodentia	Muridae	Rattus	27867	Rattus_norvegicus	complete	goldenpath_rn6	rn6.fa_3.fa	chr2	+	91676681	91677382	dependo.150-Mastomys-coucha	150	177	260	153	392	84	84	63.095	2.09	42	1	0	Rep78[dependo.XX-mastomys(+)]	702
142	Rattus_norvegicus	Mammalia	Euarchontoglires	Rodentia	Muridae	Rattus	27384	Rattus_norvegicus	complete	goldenpath_rn6	rn6.fa_3.fa	chr2	+	91608103	91608804	dependo.150-Mastomys-coucha	150	177	260	153	392	84	84	63.095	2.09	42	1	0	Rep78[dependo.XX-mastomys(+)]	702
140	Mormoops_blainvillei	Mammalia	Laurasiatheria	Chiroptera	Mormoopidae	Mormoops	27890	Mormoops_blainvillei	low_coverage	MorMeg_v1	GCA_004026545.1_MorMeg_v1_BIUU_genomic.fna	PVJD01001646.1	+	228360	236911	dependo.157-moormops	157	372	506	1146	1550	135	246	100	0	1	0	0	NS[dependo.4-rhinocerotidae(+)]-VP[dependo.28-daubentonia(+)]-VP[dependo.4-rhinocerotidae(+)]	8552
49	Muscardinus_avellanarius	Mammalia	Euarchontoglires	Rodentia	Gliridae	Muscardinus	27807	Muscardinus_avellanarius	low_coverage	MusAve_v1	GCA_004027005.1_MusAve_v1_BIUU_genomic.fna	PVJB01005101.1	+	12309	15501	dependo.160-Muscardinus-avellanarius	160	1	1064	1	3192	1064	1814	100	0	1	0	0	NK[dependo.XZX-Muscardinus(+)]-NK[dependo.XZX-Muscardinus(+)]-VP[dependo.XZX-Muscardinus(+)]-VP[dependo.XZX-Muscardinus(+)]	3193
49	Muscardinus_avellanarius	Mammalia	Euarchontoglires	Rodentia	Gliridae	Muscardinus	27741	Muscardinus_avellanarius	low_coverage	MusAve_v1	GCA_004027005.1_MusAve_v1_BIUU_genomic.fna	PVJB01014004.1	+	35027	38959	dependo.161-Muscardinus-avellanarius	161	1	1311	1	3933	1311	2253	100	0	1	0	0	Rep78[dependo.XX-muscardinus(+)]-Rep78[dependo.XX-muscardinus(+)]-VP[dependo.XX-muscardinus(+)]-VP[dependo.XX-muscardinus(+)]-VP[dependo.XX-muscardinus(+)]	3933
116	Empidonax_traillii	Aves	Neognathae	Passeriformes	Tyrannidae	Empidonax	27812	Empidonax_traillii	low_coverage	GCA_003031625	GCA_003031625.1_ASM303162v1_genomic.fna	PWAB01000205.1	+	166706	167673	dependo.166-passeriformes	166	80	277	378	968	202	221	62.871	4.99	73	4	0	VP[dependo.XX-Tonatia(+)]	968
103	Manacus_vitellinus	Aves	Neognathae	Passeriformes	Pipridae	Manacus	27766	Manacus_vitellinus	low_coverage	28/10/2011	Manacus_vitellinus.scaf.noBacterial.fa	scaffold270	-	152406	153310	dependo.166-passeriformes	166	80	257	384	902	182	206	64.286	4.48	67	5	0	VP[dependo.XX-Tonatia(-)]	905
231	Lepidothrix_coronata	Aves	Neognathae	Passeriformes	Pipridae	Lepidothrix	27888	Lepidothrix_coronata	low_coverage	1	GCA_001604755.1_Lepidothrix_coronata-1.0_genomic.fa	KV388172.1	+	3627558	3628402	dependo.166-passeriformes	166	80	233	384	845	158	177	61.392	3.9	56	3	0	VP[dependo.XX-Tonatia(+)]	845
256	Corapipo_altera	Aves	Neognathae	Passeriformes	Pipridae	Corapipo	27355	Corapipo_altera	low_coverage	ASM394572v1	GCF_003945725.1_ASM394572v1_genomic.fna	NW_020884908.1	-	2683626	2684470	dependo.166-passeriformes	166	80	233	384	845	158	170	60.127	2.03	53	3	0	VP[dependo.XX-Tonatia(-)]	845
71	Pipra_filicauda	Aves	Neognathae	Passeriformes	Pipridae	Pipra	27836	Pipra_filicauda	low_coverage	ASM394559v1	GCF_003945595.1_ASM394559v1_genomic.fna	NW_020894471.1	+	1179273	1180117	dependo.166-passeriformes	166	80	233	384	845	158	180	62.025	1.38	57	3	0	VP[dependo.XX-Tonatia(+)]	845
105	Pipistrellus_pipistrellus	Mammalia	Laurasiatheria	Chiroptera	Vespertilionidae	Pipistrellus	27483	Pipistrellus_pipistrellus	low_coverage	PipPip_v1	GCA_004026625.1_PipPip_v1_BIUU_genomic.fna	PVIQ01000308.1	+	121789	125514	dependo.174-pipistrellus	174	1	539	1	1617	539	1130	99.814	0	1	0	0	VP[dependo.XX-Pipistrellus_pipistrellus(+)]	3726
74	Hystrix_cristata	Mammalia	Euarchontoglires	Rodentia	Hystricidae	Hystrix	27421	Hystrix_cristata	low_coverage	HysCri_v1_BIUU	GCA_004026905.1_HysCri_v1_BIUU_genomic.fna	PVJO010012053.1	-	23597	24106	dependo.174-pipistrellus	174	764	821	1	177	61	57.4	47.541	9.01	22	2	0	NS[dependo.201-Hystrix(-)]	510
127	Heterohyrax_brucei	Mammalia	Afrotheria	Hyracoidea	Procaviidae	Heterohyrax	27478	Heterohyrax_brucei	low_coverage	HetBruBak_v1_BIUU	GCA_004026845.1_HetBruBak_v1_BIUU_genomic.fna	PVJQ01009692.1	+	20227	21970	dependo.175-procavia	175	199	480	1148	303	282	509	92.553	0	1	0	0	Rep78[dependo.XX-Heterohyrax_brucei(-)]-Rep78[dependo.XX-Heterohyrax_brucei(+)]	1744
111	Procavia_capensis	Mammalia	Afrotheria	Hyracoidea	Procaviidae	Procavia	27344	Procavia_capensis	low_coverage	goldenpath_proCap1	proCap1.fa	scaffold_6934	+	37881	39623	dependo.175-procavia	175	1	581	1	1743	581	1167	100	0	1	0	0	Rep78[dependo.XX-Procavia_capensis(-)]-Rep78[dependo.XX-Procavia_capensis(+)]	1743
140	Mormoops_blainvillei	Mammalia	Laurasiatheria	Chiroptera	Mormoopidae	Mormoops	27536	Mormoops_blainvillei	low_coverage	MorMeg_v1	GCA_004026545.1_MorMeg_v1_BIUU_genomic.fna	PVJD01000213.1	-	71709	75753	dependo.177-Pteronotus	177	829	1239	2499	3731	431	325	48.028	0	1	9	0	VP[dependo.XX-Mormoops(-)]-NS[dependo.4-rhinocerotidae(-)]	4045
163	Phyllostomus_discolor	Mammalia	Laurasiatheria	Chiroptera	Phyllostomidae	Phyllostomus	27511	Phyllostomus_discolor	low_coverage	mPhyDis1_v1	GCA_004115245.1_mPhyDis1_v1.h_genomic.fna	RXPB01009965.1	-	47532	50801	dependo.177-Pteronotus	177	643	1070	1996	3270	428	487	61.916	9.31	158	2	0	VP[dependo.XX-desmodus(-)]-NS[dependo.30-chiroptera(-)]	3270
113	Rhinolophus_sinicus	Mammalia	Laurasiatheria	Chiroptera	Rhinolophidae	Rhinolophus	28025	Rhinolophus_sinicus	low_coverage	ASM188883v1	GCF_001888835.1_ASM188883v1_genomic.fna	NW_017739534.1	+	3582	7150	dependo.180-rhinolophus	180	457	718	1381	2172	264	410	87.5	0	1	1	0	Rep78[dependo.XX-Rhinolophus(+)]	3569
30	Pteronotus_parnellii	Mammalia	Laurasiatheria	Chiroptera	Mormoopidae	Pteronotus	27516	Pteronotus_parnellii	low_coverage	ncbi_AWGZ00000000.1_2015-05	AWGZ01.3.fsa_nt.fa	gi|539768544|gb|AWGZ01297493.1|	+	7050	11009	dependo.184-con	184	765	1063	2471	3379	309	378	65.049	0	1	5	0	NS[dependo.4-rhinocerotidae(+)]-VP[dependo.XX-Pteronotus(+)]	3960
163	Phyllostomus_discolor	Mammalia	Laurasiatheria	Chiroptera	Phyllostomidae	Phyllostomus	27703	Phyllostomus_discolor	low_coverage	mPhyDis1_v1	GCA_004115245.1_mPhyDis1_v1.h_genomic.fna	RXPB01010460.1	+	291017	294964	dependo.184-con	184	210	456	631	1440	278	340	66.187	0	1	5	0	NS[dependo.30-chiroptera(+)]-VP[dependo.XX-tonatia(+)]-VP[dependo.XX-tonatia(+)]	3948
184	Tonatia_saurophila	Mammalia	Laurasiatheria	Chiroptera	Phyllostomidae	Tonatia	27599	Tonatia_saurophila	low_coverage	TonSau_v1_BIUU	GCA_004024845.1_TonSau_v1_BIUU_genomic.fna	PVIA01007828.1	+	30275	34119	dependo.184-con	184	218	981	639	2924	793	735	59.142	0	1	18	0	NS[dependo.39-phyllostomidae(+)]-VP[dependo.XX-tonatia(+)]	3845
197	Micronycteris_hirsuta	Mammalia	Laurasiatheria	Chiroptera	Phyllostomidae	Micronycteris	27819	Micronycteris_hirsuta	low_coverage	MicHir_v1	GCA_004026765.1_MicHir_v1_BIUU_genomic.fna	PVJI01002842.1	-	74891	78655	dependo.184-con	184	574	964	1481	2638	395	446	68.354	0	1	7	0	VP[dependo.1-whippomorpha(-)]-VP[dependo.XX-Micronycteris(-)]-NS[dependo.30-chiroptera(-)]	3765
20	Anoura_caudifer	Mammalia	Laurasiatheria	Chiroptera	Phyllostomidae	Anoura	27518	Anoura_caudifer	low_coverage	AnoCau_v1_BIUU	GCA_004027475.1_AnoCau_v1_BIUU_genomic.fna	PVKU01007968.1	-	71190	74489	dependo.184-con	184	634	818	1509	2063	185	325	92.432	0	1	0	0	VP[dependo.XX-tonatia(-)]-NS[dependo.32-chiroptera(-)]	3300
93	Macrotus_californicus	Mammalia	Laurasiatheria	Chiroptera	Phyllostomidae	Macrotus	27649	Macrotus_californicus	low_coverage	MacCal_v1_BIUU	GCA_007922815.1_MacCal_v1_BIUU_genomic.fna	VMDR010006300.1	+	25943	29231	dependo.184-con	184	472	1287	818	3289	851	910	62.397	0	1	16	0	NS[dependo.39-phyllostomidae(+)]-VP[dependo.1-whippomorpha(+)]	3289
91	Carollia_perspicillata	Mammalia	Laurasiatheria	Chiroptera	Phyllostomidae	Carollia	27363	Carollia_perspicillata	low_coverage	CarPer_v1_BIUU	GCA_004027735.1_CarPer_v1_BIUU_genomic.fna	PVKM010009701.1	-	28621	31704	dependo.184-con	184	818	1202	1674	2828	392	527	69.898	0	1	7	0	VP[dependo.1-whippomorpha(-)]-NS[dependo.39-phyllostomidae(-)]	3084
210	Pelecanus_crispus	Aves	Neognathae	Pelecaniformes	Pelecanidae	Pelecanus	27989	Pelecanus_crispus	low_coverage	bgi_2011-10-28	Pelecanus_crispus.scaf.noBacterial.fa	scaffold56836	-	6093	8381	dependo.370-pelecaniformes	370	1	259	1	777	259	496	99.614	0	1	0	0	NS[dependo.170-pelecaniformes(-)]-NS[dependo.170-pelecaniformes(-)]	2289
52	Graphiurus_murinus	Mammalia	Euarchontoglires	Rodentia	Gliridae	Graphiurus	28034	Graphiurus_murinus	low_coverage	GraMur_v1_BIUU	GCA_004027655.1_GraMur_v1_BIUU_genomic.fna	PVLC010024492.1	-	20432	22706	dependo.X-Graphiurus	X	1	758	1	2274	758	1520	100	0	1	0	0	Rep78VP[dependo.XX-Graphiurus_murinus(-)]-Rep78VP[dependo.XX-Graphiurus_murinus(-)]	2275
146	Fukomys_damarensis	Mammalia	Euarchontoglires	Rodentia	Bathyergidae	Fukomys	27537	Fukomys_damarensis	low_coverage	ncbi_1.0_2014	885580_ref_DMR_v1.0_chrUn.fa	gi|730053275|ref|NW_011044803.1|	+	11528274	11531157	dependo.X-Heterocephalus	X	533	669	1644	2057	138	186	72.464	7.29	113	1	0	Rep78[dependo.XX-Fukomys_damarensis(+)]-Rep78[dependo.XX-Fukomys_damarensis(+)]-VP[dependo.XX-Fukomys_damarensis(+)]-VP[dependo.XX-Fukomys_damarensis(+)]	2884
112	Heterocephalus_glaber	Mammalia	Euarchontoglires	Rodentia	Bathyergidae	Heterocephalus	27522	Heterocephalus_glaber	low_coverage	goldenpath_hetGla2	hetGla2.fa_3.fa	JH602093	-	17087384	17090154	dependo.X-Heterocephalus	X	1	923	1	2769	923	1707	100	0	1	0	0	VP[dependo.XX-Heterocephalus(-)]-Rep78[dependo.XX-Heterocephalus_glaber(-)]-Rep78[dependo.XX-Heterocephalus(-)]	2771
9	Hydrochoerus_hydrochaeris	Mammalia	Euarchontoglires	Rodentia	Hydrochaeridae	Hydrochoerus	27680	Hydrochoerus_hydrochaeris	low_coverage	HydHyd_v1_BIUU	GCA_004027455.1_HydHyd_v1_BIUU_genomic.fna	PVLA01003997.1	+	118206	120233	dependo.X-Heterocephalus	X	631	823	1141	1701	195	138	51.795	3.07	48	5	0	VP[dependo.XX-hydrochoerus(+)]-VP[dependo.XX-hydrochoerus(+)]	2028
16	Chinchilla_lanigera	Mammalia	Euarchontoglires	Rodentia	Chinchillidae	Chinchilla	27260	Chinchilla_lanigera	low_coverage	broad_v0_2012	C_lanigera_v0.assembly.fasta_12.fa	scaffold00035	-	13652894	13654833	dependo.X-Heterocephalus	X	366	823	90	1616	533	148	36.023	2.51	68	15	0	NK[dependo.XX-Octodon_degus(-)]-VP[REF_Dependo_AAV5(-)]	1940
112	Heterocephalus_glaber	Mammalia	Euarchontoglires	Rodentia	Bathyergidae	Heterocephalus	27739	Heterocephalus_glaber	low_coverage	goldenpath_hetGla2	hetGla2.fa_2.fa	JH602066	-	7341415	7343342	dependo.X-Heterocephalus	X	96	641	290	1927	546	941	93.956	0	1	0	0	Rep78[dependo.XX-Heterocephalus_glaber(-)]-Rep78[dependo.XX-Heterocephalus_glaber(-)]	1928
23	Megaderma_lyra	Mammalia	Laurasiatheria	Chiroptera	Megadermatidae	Megaderma	27712	Megaderma_lyra	low_coverage	MegLyr_v1_BIUU	GCA_004026885.1_MegLyr_v1_BIUU_genomic.fna	PVJL010000011.1	-	334419	336723	dependo.X-Megaderma	X	1	768	1	2304	768	1360	100	0	1	0	0	Ns[dependo.XX-Megaderma_lyra(-)]-Ns[dependo.XX-Megaderma_lyra(-)]	2305
136	Mus_castaneus	Mammalia	Euarchontoglires	Rodentia	Muridae	Mus	27535	Mus_castaneus	low_coverage	REL-1509-EiJ	CAST_EiJ.chromosomes.unplaced.gt2k.fa	chr3	-	9432886	9436957	dependo.X-Mus_spretus	X	62	307	1	738	246	455	93.496	1.02	151	0	0	VP[REF_Dependo_AAV5(-)]-Rep78[dependo.XX-mastomys(-)]	4072
148	Mus_musculus	Mammalia	Euarchontoglires	Rodentia	Muridae	Mus	27395	Mus_musculus	complete	goldenpath_mm9	chr3.fa	chr3	-	12017000	12020696	dependo.X-Mus_spretus	X	1	307	1	921	307	609	99.023	0	1	0	0	VP[dependo.51-muridae(-)]-Rep78[dependo.XX-mastomys(-)]	3697
100	Mus_spicilegus	Mammalia	Euarchontoglires	Rodentia	Muridae	Mus	27398	Mus_spicilegus	low_coverage	GCA_003336285.1_MUSP714	GCA_003336285.1_MUSP714_genomic.fna	QGOO01037474.1	-	8646673	8650344	dependo.X-Mus_spretus	X	130	307	387	920	178	341	96.629	3.86	167	0	0	VP[dependo.51-muridae(-)]-VP[dependo.51-muridae(-)]-NS[dependo.13-cercopithecidae(-)]	3672
153	Mus_pahari	Mammalia	Euarchontoglires	Rodentia	Muridae	Mus	27268	Mus_pahari	low_coverage	REL-1509-EiJ	Pahari_EiJ.chromosomes.unplaced.gt2k.fa	chr4	-	7864965	7868343	dependo.X-Mus_spretus	X	25	151	1	381	127	204	85.827	1.23	111	0	0	VP[dependo.51-muridae(-)]-Rep78[dependo.XX-mastomys(-)]-Rep78[dependo.XX-mastomys(-)]	3379
101	Mus_spretus	Mammalia	Euarchontoglires	Rodentia	Muridae	Mus	27484	Mus_spretus	low_coverage	SPRET_EiJ_v1	GCA_001624865.1_SPRET_EiJ_v1_genomic.fa	CM004096.1	-	9022464	9023384	dependo.X-Mus_spretus	X	1	307	1	921	307	619	100	0	1	0	0	Rep78[dependo.XX-mastomys(-)]	921
45	Sarcophilus_harrisii	Mammalia	Unclassified	Dasyuromorphia	Dasyuridae	Sarcophilus	27539	Sarcophilus_harrisii	complete	goldenpath_sarHar1	sarHar1.fa_6.fa	chr5_GL861700_random	+	1041831	1043041	dependo.X-Sarcophilus	X	1	403	1	1209	403	729	100	0	1	0	0	NS[REF_Dependo_MDPV(+)]	1211
165	Tetraodon_nigroviridis	Actinopteri	Unclassified	Tetraodontiformes	Tetraodontidae	Tetraodon	27465	Tetraodon_nigroviridis	complete	TETRAODON8	Tetraodon_nigroviridis.TETRAODON8.dna.nonchromosomal.fa	Un_random	-	94956103	94959906	MF416383-murine-AAV1		310	443	10	411	134	112	40.299	9.93	27	0	0	VP[unclassified.XX-Tetraodon(-)]-VP[unclassified.XX-Tetraodon(-)]	3804
33	Apodemus_sylvaticus	Mammalia	Euarchontoglires	Rodentia	Muridae	Apodemus	27715	Apodemus_sylvaticus	low_coverage	GCA_001305905.1	GCA_001305905.1_ASM130590v1_genomic.fa	LIPJ01001723.1	+	974835	977499	MF416383-murine-AAV1		233	495	34	897	300	280	52.667	3.83	81	6	0	Rep78[dependo.XX-Apodemus_sylvaticus(+)]-VP[dependo.XX-Apodemus_sylvaticus(+)]-VP[dependo.XX-Apodemus_sylvaticus(+)]	2665
23	Megaderma_lyra	Mammalia	Laurasiatheria	Chiroptera	Megadermatidae	Megaderma	27744	Megaderma_lyra	low_coverage	MegLyr_v1_BIUU	GCA_004026885.1_MegLyr_v1_BIUU_genomic.fna	PVJL010013950.1	+	14612	16090	NC_001401-AAV-2		858	964	1	318	107	135	61.682	2.89	54	1	0	VP[Megaderma_lyra(+)]-VP[Megaderma_lyra(+)]	1479
27	Ctenomys_sociabilis	Mammalia	Euarchontoglires	Rodentia	Ctenomyidae	Ctenomys	27769	Ctenomys_sociabilis	low_coverage	CteSoc_v1	GCA_004027205.1_CteGun_v1_BIUU_genomic.fna	PVKB01001658.1	-	243560	244303	NC_001401-AAV-2		871	1126	19	744	264	141	37.121	4.59	40	10	0	NK[dependo.XX-Ctenomys_sociabilis(-)]	744
110	Guaruba_guarouba	Aves	Neognathae	Psittaciformes	Psittacidae	Guaruba	27453	Guaruba_guarouba	low_coverage	ASM1180009v1	GCA_011800095.1_ASM1180009v1_genomic.fna	JAABOC010063778.1	-	3956495	3957082	NC_001401-AAV-2		1052	1247	4	588	196	261	65.306	1.01	82	1	0	VP[dependo.170-Guaruba_guarouba(-)]	588
62	Macropus_eugenii	Mammalia	Unclassified	Diprotodontia	Macropodidae	Macropus	27493	Macropus_eugenii	low_coverage	goldenpath_macEug2	macEug2.fa	GL077261	+	32921	33547	NC_006147-MDPV		148	396	1	627	254	118	33.858	1.21	32	5	0	Rep78[dependo.XX-Macropus(+)]	627
52	Graphiurus_murinus	Mammalia	Euarchontoglires	Rodentia	Gliridae	Graphiurus	27691	Graphiurus_murinus	low_coverage	GraMur_v1_BIUU	GCA_004027655.1_GraMur_v1_BIUU_genomic.fna	PVLC010002014.1	-	111499	112029	NC_014468-Bat-AAV		131	346	1	531	216	109	37.037	6.62	30	6	0	NK[dependo.XX-Graphiurus_murinus(-)]	531
187	Glis_glis	Mammalia	Euarchontoglires	Rodentia	Gliridae	Glis	27570	Glis_glis	low_coverage	GliGli_v1	GCA_004027185.1_GliGli_v1_BIUU_genomic.fna	PVJS01024767.1	+	17725	18784	NC_038539-Sea-lion-AAV		120	351	332	1030	239	230	50.209	1.09	77	3	0	Rep78[dependo.XX-glis(+)]	1060
264	Castor_canadensis	Mammalia	Euarchontoglires	Rodentia	Castoridae	Castor	27575	Castor_canadensis	low_coverage	CasCan_v1	GCF_001984765.1_C.can_genome_v1.0_genomic.fna	NW_017878519.1	+	189079	190118	NC_038539-Sea-lion-AAV		212	399	480	1022	192	157	45.312	2.2	54	3	0	Rep78[dependo.XX-castor(+)]	1040
10	Dolichotis_patagonum	Mammalia	Euarchontoglires	Rodentia	Caviidae	Dolichotis	28031	Dolichotis_patagonum	low_coverage	DolPat_v1	GCA_004027295.1_DolPat_v1_BIUU_genomic.fna	PVJX010042517.1	+	5911	6651	NC_038539-Sea-lion-AAV		332	391	583	741	60	78.6	58.333	1.61	40	1	0	NK[dependo.XX-Dolichotis(+)]	741