sequenceID	locus_numeric_id	host_group_taxlevel	host_group_name	assign_clade	assign_subclade	assign_clade	assign_subclade	virus_clade_ns	virus_subclade_ns	virus_clade_vp	virus_subclade_vp	intact orf(s)?	expressed?	nearest_upstream_orf	nearest_downstream_orf	minimum_age_ortho	source_name	virus_subfamily	virus_genus
proto.1-rattus	1	Species	Rattus	Protoparvovirus	Protoparvovirus	Proto-A	Proto-A	Proto-A	Proto-A	Proto-A	Proto-A	no	NK	NK	NK	NK	fasta-refseqs-proto-epv	Parvovirinae	Protoparvovirus
proto.2-mus_spretus	2	Species	Mus spretus	Protoparvovirus	Protoparvovirus	Proto-A	Proto-A	Proto-A	Proto-A	Proto-A	Proto-A	NK	NK	NK	NK	NK	fasta-refseqs-proto-epv	Parvovirinae	Protoparvovirus
proto.3-apodemus	3	Species	Apodemus	Protoparvovirus	Protoparvovirus	Proto-A	Proto-A	Proto-A	Proto-A	Proto-A	Proto-A	NK	NK	NK	NK	NK	fasta-refseqs-proto-epv	Parvovirinae	Protoparvovirus
proto.4-mus_spicilegus	4	Species	Mus spicilegus	Protoparvovirus	Protoparvovirus	Proto-A	Proto-A	Proto-A	Proto-A	Proto-A	Proto-A	NK	NK	NK	NK	NK	fasta-refseqs-proto-epv	Parvovirinae	Protoparvovirus
proto.5-graphiurus	4	Species	Graphiurus	Protoparvovirus	Protoparvovirus	Proto-A	Proto-A	Proto-A	Proto-A	Proto-A	Proto-A	NK	NK	NK	NK	NK	fasta-refseqs-proto-epv	Parvovirinae	Protoparvovirus
proto.101-monodelphis	101	Species	Monodelphis	Protoparvovirus	Protoparvovirus	Proto-B	Proto-B	Proto-B	Proto-B	Proto-B	Proto-B	NK	NK	NK	NK	NK	fasta-refseqs-proto-epv	Parvovirinae	Protoparvovirus
proto.102-tamandua	102	Species	Mammal/fish	Protoparvovirus	Protoparvovirus	Proto-A	Proto-A	Proto-A	Proto-A	Proto-A	Proto-A	NK	NK	NK	NK	NK	fasta-refseqs-proto-epv	Parvovirinae	Protoparvovirus
proto.103-graphiurus	103	Species	Myocastor	Protoparvovirus	Protoparvovirus	Proto-B	Proto-B	Proto-B	Proto-B	Proto-B	Proto-B	NK	NK	NK	NK	NK	fasta-refseqs-proto-epv	Parvovirinae	Protoparvovirus
proto.107-Hydrochoerus	107	Species	Hydrochoerus	Protoparvovirus	Protoparvovirus	Proto-B	Proto-B	Proto-B	Proto-B	Proto-B	Proto-B	NK	NK	NK	NK	NK	fasta-refseqs-proto-epv	Parvovirinae	Protoparvovirus
proto.108-Dinomys	108	Order	Rodentia	Protoparvovirus	Protoparvovirus	Proto-B	Proto-B	Proto-B	Proto-B	Proto-B	Proto-B	NK	NK	NK	NK	NK	fasta-refseqs-proto-epv	Parvovirinae	Protoparvovirus
proto.111-Afrotheria	111	Species	Afrotheria	Protoparvovirus	Protoparvovirus	Proto-B	Proto-B	Proto-B	Proto-B	Proto-B	Proto-B	NK	NK	NK	NK	NK	fasta-refseqs-proto-epv	Parvovirinae	Protoparvovirus
proto.120-cavia	120	Genus	Cavia	Protoparvovirus	Protoparvovirus	Proto-B	Proto-B	Proto-B	Proto-B	Proto-B	Proto-B	NK	NK	NK	NK	NK	fasta-refseqs-proto-epv	Parvovirinae	Protoparvovirus
proto.121-cavia	121	Species	Hydrochoerus	Protoparvovirus	Protoparvovirus	Proto-B	Proto-B	Proto-B	Proto-B	Proto-B	Proto-B	NK	NK	NK	NK	NK	fasta-refseqs-proto-epv	Parvovirinae	Protoparvovirus
proto.122-cavia	122	Genus	Cavia	Protoparvovirus	Protoparvovirus	Proto-B	Proto-B	Proto-B	Proto-B	Proto-B	Proto-B	NK	NK	NK	NK	NK	fasta-refseqs-proto-epv	Parvovirinae	Protoparvovirus
proto.125-Hydrochoerus	125	Species	Hydrochoerus	Protoparvovirus	Protoparvovirus	Proto-B	Proto-B	Proto-B	Proto-B	Proto-B	Proto-B	NK	NK	NK	NK	NK	fasta-refseqs-proto-epv	Parvovirinae	Protoparvovirus
proto.126-Octodon	126	Order	Rodents	Protoparvovirus	Protoparvovirus	Proto-B	Proto-B	Proto-B	Proto-B	Proto-B	Proto-B	NK	NK	NK	NK	NK	fasta-refseqs-proto-epv	Parvovirinae	Protoparvovirus
proto.127-Myocastor	127	Species	Myocastor	Protoparvovirus	Protoparvovirus	Proto-B	Proto-B	Proto-B	Proto-B	Proto-B	Proto-B	NK	NK	NK	NK	NK	fasta-refseqs-proto-epv	Parvovirinae	Protoparvovirus
proto.128-Capromys	128	Species	Capromys	Protoparvovirus	Protoparvovirus	Proto-B	Proto-B	Proto-B	Proto-B	Proto-B	Proto-B	NK	NK	NK	NK	NK	fasta-refseqs-proto-epv	Parvovirinae	Protoparvovirus
proto.129-Dinomys	129	Species	Dinomys	Protoparvovirus	Protoparvovirus	Proto-B	Proto-B	Proto-B	Proto-B	Proto-B	Proto-B	NK	NK	NK	NK	NK	fasta-refseqs-proto-epv	Parvovirinae	Protoparvovirus
proto.130-dinomys	130	Order	Rodentia	Protoparvovirus	Protoparvovirus	Proto-B	Proto-B	Proto-B	Proto-B	Proto-B	Proto-B	NK	NK	NK	NK	NK	fasta-refseqs-proto-epv	Parvovirinae	Protoparvovirus
proto.131-Ctenomys	131	Order	Rodentia	Protoparvovirus	Protoparvovirus	Proto-B	Proto-B	Proto-B	Proto-B	Proto-B	Proto-B	NK	NK	NK	NK	NK	fasta-refseqs-proto-epv	Parvovirinae	Protoparvovirus
proto.132-Ctenomys	132	Species	Ctenomys	Protoparvovirus	Protoparvovirus	Proto-B	Proto-B	Proto-B	Proto-B	Proto-B	Proto-B	NK	NK	NK	NK	NK	fasta-refseqs-proto-epv	Parvovirinae	Protoparvovirus
proto.133-Dolichotis	133	Class	Mammalia	Protoparvovirus	Protoparvovirus	Proto-B	Proto-B	Proto-B	Proto-B	Proto-B	Proto-B	NK	NK	NK	NK	NK	fasta-refseqs-proto-epv	Parvovirinae	Protoparvovirus
proto.134-Dolichotis	134	Species	Dolichotis	Protoparvovirus	Protoparvovirus	Proto-B	Proto-B	Proto-B	Proto-B	Proto-B	Proto-B	NK	NK	NK	NK	NK	fasta-refseqs-proto-epv	Parvovirinae	Protoparvovirus
proto.135-Octomys	135	Family	Octodontidae	Protoparvovirus	Protoparvovirus	Proto-B	Proto-B	Proto-B	Proto-B	Proto-B	Proto-B	NK	NK	NK	NK	NK	fasta-refseqs-proto-epv	Parvovirinae	Protoparvovirus
proto.136-Octomys	136	Order	Rodents	Protoparvovirus	Protoparvovirus	Proto-B	Proto-B	Proto-B	Proto-B	Proto-B	Proto-B	NK	NK	NK	NK	NK	fasta-refseqs-proto-epv	Parvovirinae	Protoparvovirus
proto.137-Hydrochoerus	137	Species	Hydrochoerus	Protoparvovirus	Protoparvovirus	Proto-B	Proto-B	Proto-B	Proto-B	Proto-B	Proto-B	NK	NK	NK	NK	NK	fasta-refseqs-proto-epv	Parvovirinae	Protoparvovirus
proto.138-Hydrochoerus	138	Species	Hydrochoerus	Protoparvovirus	Protoparvovirus	Proto-B	Proto-B	Proto-B	Proto-B	Proto-B	Proto-B	NK	NK	NK	NK	NK	fasta-refseqs-proto-epv	Parvovirinae	Protoparvovirus
proto.139-Myocastor	139	Species	Myocastor	Protoparvovirus	Protoparvovirus	Proto-B	Proto-B	Proto-B	Proto-B	Proto-B	Proto-B	NK	NK	NK	NK	NK	fasta-refseqs-proto-epv	Parvovirinae	Protoparvovirus
proto.140-Myocastor	140	Species	Myocastor	Protoparvovirus	Protoparvovirus	Proto-B	Proto-B	Proto-B	Proto-B	Proto-B	Proto-B	NK	NK	NK	NK	NK	fasta-refseqs-proto-epv	Parvovirinae	Protoparvovirus
proto.141-Erethizon	141	Species	Erethizon	Protoparvovirus	Protoparvovirus	Proto-B	Proto-B	Proto-B	Proto-B	Proto-B	Proto-B	NK	NK	NK	NK	NK	fasta-refseqs-proto-epv	Parvovirinae	Protoparvovirus
proto.142-Cuniculus	142	Species	Erethizon	Protoparvovirus	Protoparvovirus	Proto-B	Proto-B	Proto-B	Proto-B	Proto-B	Proto-B	NK	NK	NK	NK	NK	fasta-refseqs-proto-epv	Parvovirinae	Protoparvovirus
proto.143-Cuniculus	143	Species	Cuniculus	Protoparvovirus	Protoparvovirus	Proto-B	Proto-B	Proto-B	Proto-B	Proto-B	Proto-B	NK	NK	NK	NK	NK	fasta-refseqs-proto-epv	Parvovirinae	Protoparvovirus
proto.150-Gymnobelideus	150	Species	Gymnobellideus	Protoparvovirus	Protoparvovirus	Proto-B	Proto-B	Proto-B	Proto-B	Proto-B	Proto-B	NK	NK	NK	NK	NK	fasta-refseqs-proto-epv	Parvovirinae	Protoparvovirus
proto.151-Macropus	151	Species	Macropus	Protoparvovirus	Protoparvovirus	Proto-B	Proto-B	Proto-B	Proto-B	Proto-B	Proto-B	NK	NK	NK	NK	NK	fasta-refseqs-proto-epv	Parvovirinae	Protoparvovirus
proto.151-Phascolarctos	151	Species	Phascolarctos	Protoparvovirus	Protoparvovirus	Proto-B	Proto-B	Proto-B	Proto-B	Proto-B	Proto-B	NK	NK	NK	NK	NK	fasta-refseqs-proto-epv	Parvovirinae	Protoparvovirus
proto.152-Sarcophilus	152	Species	Sarcophilus	Protoparvovirus	Protoparvovirus	Proto-B	Proto-B	Proto-B	Proto-B	Proto-B	Proto-B	NK	NK	NK	NK	NK	fasta-refseqs-proto-epv	Parvovirinae	Protoparvovirus
proto.153-Macropus	153	Class	Mammalia	Protoparvovirus	Protoparvovirus	Proto-B	Proto-B	Proto-B	Proto-B	Proto-B	Proto-B	NK	NK	NK	NK	NK	fasta-refseqs-proto-epv	Parvovirinae	Protoparvovirus
proto.154-Phascolarctos	154	Species	Phascolarctos	Protoparvovirus	Protoparvovirus	Proto-B	Proto-B	Proto-B	Proto-B	Proto-B	Proto-B	NK	NK	NK	NK	NK	fasta-refseqs-proto-epv	Parvovirinae	Protoparvovirus
proto.155-Gymnobelideus	155	Species	Gymnobellideus	Protoparvovirus	Protoparvovirus	Proto-B	Proto-B	Proto-B	Proto-B	Proto-B	Proto-B	NK	NK	NK	NK	NK	fasta-refseqs-proto-epv	Parvovirinae	Protoparvovirus
proto.156-Phascolarctos	156	Species	Gymnobellideus	Protoparvovirus	Protoparvovirus	Proto-B	Proto-B	Proto-B	Proto-B	Proto-B	Proto-B	NK	NK	NK	NK	NK	fasta-refseqs-proto-epv	Parvovirinae	Protoparvovirus
proto.157-Gymnobelideus	157	Species	Gymnobellideus	Protoparvovirus	Protoparvovirus	Proto-B	Proto-B	Proto-B	Proto-B	Proto-B	Proto-B	NK	NK	NK	NK	NK	fasta-refseqs-proto-epv	Parvovirinae	Protoparvovirus
proto.158-Macropus	158	Species	Macropus	Protoparvovirus	Protoparvovirus	Proto-B	Proto-B	Proto-B	Proto-B	Proto-B	Proto-B	NK	NK	NK	NK	NK	fasta-refseqs-proto-epv	Parvovirinae	Protoparvovirus
proto.158-Phascolarctos	158	Order	Diprotodontia	Protoparvovirus	Protoparvovirus	Proto-B	Proto-B	Proto-B	Proto-B	Proto-B	Proto-B	NK	NK	NK	NK	NK	fasta-refseqs-proto-epv	Parvovirinae	Protoparvovirus
proto.159-Vombatus	159	Order	Vombatus	Protoparvovirus	Protoparvovirus	Proto-B	Proto-B	Proto-B	Proto-B	Proto-B	Proto-B	NK	NK	NK	NK	NK	fasta-refseqs-proto-epv	Parvovirinae	Protoparvovirus
proto.160-Macropus	160	Species	Diprotodontia	Protoparvovirus	Protoparvovirus	Proto-B	Proto-B	Proto-B	Proto-B	Proto-B	Proto-B	NK	NK	NK	NK	NK	fasta-refseqs-proto-epv	Parvovirinae	Protoparvovirus
proto.161-Macropus	161	Species	Macropus	Protoparvovirus	Protoparvovirus	Proto-B	Proto-B	Proto-B	Proto-B	Proto-B	Proto-B	NK	NK	NK	NK	NK	fasta-refseqs-proto-epv	Parvovirinae	Protoparvovirus
proto.162-Gymnobelideus	162	Species	Gymnobellideus	Protoparvovirus	Protoparvovirus	Proto-B	Proto-B	Proto-B	Proto-B	Proto-B	Proto-B	NK	NK	NK	NK	NK	fasta-refseqs-proto-epv	Parvovirinae	Protoparvovirus
proto.163-Phascolarctos	163	Class	Mammalia	Protoparvovirus	Protoparvovirus	Proto-B	Proto-B	Proto-B	Proto-B	Proto-B	Proto-B	NK	NK	NK	NK	NK	fasta-refseqs-proto-epv	Parvovirinae	Protoparvovirus
proto.164-Macropus	164	Species	Macropus	Protoparvovirus	Protoparvovirus	Proto-B	Proto-B	Proto-B	Proto-B	Proto-B	Proto-B	NK	NK	NK	NK	NK	fasta-refseqs-proto-epv	Parvovirinae	Protoparvovirus
proto.165-Phascolarctos	165	Species	Phascolarctos	Protoparvovirus	Protoparvovirus	Proto-B	Proto-B	Proto-B	Proto-B	Proto-B	Proto-B	NK	NK	NK	NK	NK	fasta-refseqs-proto-epv	Parvovirinae	Protoparvovirus
proto.166-Gymnobelideus	166	Species	Gymnobelideus	Protoparvovirus	Protoparvovirus	Proto-B	Proto-B	Proto-B	Proto-B	Proto-B	Proto-B	NK	NK	NK	NK	NK	fasta-refseqs-proto-epv	Parvovirinae	Protoparvovirus
proto.167-Vombatus_ursinus	167	Species	Vombatus	Protoparvovirus	Protoparvovirus	Proto-B	Proto-B	Proto-B	Proto-B	Proto-B	Proto-B	NK	NK	NK	NK	NK	fasta-refseqs-proto-epv	Parvovirinae	Protoparvovirus
proto.168-Myocastor_coypus	168	Species	Myocastor	Protoparvovirus	Protoparvovirus	Proto-B	Proto-B	Proto-B	Proto-B	Proto-B	Proto-B	NK	NK	NK	NK	NK	fasta-refseqs-proto-epv	Parvovirinae	Protoparvovirus
proto.171-Monodelphis_domestica	171	Species	Monodelphis	Protoparvovirus	Protoparvovirus	Proto-B	Proto-B	Proto-B	Proto-B	Proto-B	Proto-B	NK	NK	NK	NK	NK	fasta-refseqs-proto-epv	Parvovirinae	Protoparvovirus
proto.172-Monodelphis_domestica	172	Species	Monodelphis	Protoparvovirus	Protoparvovirus	Proto-B	Proto-B	Proto-B	Proto-B	Proto-B	Proto-B	NK	NK	NK	NK	NK	fasta-refseqs-proto-epv	Parvovirinae	Protoparvovirus
proto.173-Graphiurus_murinus	173	Species	Graphiurus	Protoparvovirus	Protoparvovirus	Proto-B	Proto-B	Proto-B	Proto-B	Proto-B	Proto-B	NK	NK	NK	NK	NK	fasta-refseqs-proto-epv	Parvovirinae	Protoparvovirus
proto.174-Octodon_degus	174	Order	Rodents	Protoparvovirus	Protoparvovirus	Proto-B	Proto-B	Proto-B	Proto-B	Proto-B	Proto-B	NK	NK	NK	NK	NK	fasta-refseqs-proto-epv	Parvovirinae	Protoparvovirus
proto.176-Nannospalax_galili	176	Species	Nannospalax	Protoparvovirus	Protoparvovirus	Proto-B	Proto-B	Proto-B	Proto-B	Proto-B	Proto-B	NK	NK	NK	NK	NK	fasta-refseqs-proto-epv	Parvovirinae	Protoparvovirus
proto.177-Erethizon_dorsatum	177	Species	Erethizon	Protoparvovirus	Protoparvovirus	Proto-B	Proto-B	Proto-B	Proto-B	Proto-B	Proto-B	NK	NK	NK	NK	NK	fasta-refseqs-proto-epv	Parvovirinae	Protoparvovirus
proto.178-Erethizon_dorsatum	178	Species	Erethizon	Protoparvovirus	Protoparvovirus	Proto-B	Proto-B	Proto-B	Proto-B	Proto-B	Proto-B	NK	NK	NK	NK	NK	fasta-refseqs-proto-epv	Parvovirinae	Protoparvovirus
proto.179-Microgale_talazaci	179	Species	Microgale	Protoparvovirus	Protoparvovirus	Proto-B	Proto-B	Proto-B	Proto-B	Proto-B	Proto-B	NK	NK	NK	NK	NK	fasta-refseqs-proto-epv	Parvovirinae	Protoparvovirus
proto.180-Phascolarctos_cinereus	180	Species	Phascolarctos	Protoparvovirus	Protoparvovirus	Proto-B	Proto-B	Proto-B	Proto-B	Proto-B	Proto-B	NK	NK	NK	NK	NK	fasta-refseqs-proto-epv	Parvovirinae	Protoparvovirus
proto.181-Phascolarctos_cinereus	181	Species	Phascolarctos	Protoparvovirus	Protoparvovirus	Proto-B	Proto-B	Proto-B	Proto-B	Proto-B	Proto-B	NK	NK	NK	NK	NK	fasta-refseqs-proto-epv	Parvovirinae	Protoparvovirus
proto.182-Phascolarctos_cinereus	182	Species	Phascolarctos	Protoparvovirus	Protoparvovirus	Proto-B	Proto-B	Proto-B	Proto-B	Proto-B	Proto-B	NK	NK	NK	NK	NK	fasta-refseqs-proto-epv	Parvovirinae	Protoparvovirus
proto.183-Phascolarctos_cinereus	183	Species	Phascolarctos	Protoparvovirus	Protoparvovirus	Proto-B	Proto-B	Proto-B	Proto-B	Proto-B	Proto-B	NK	NK	NK	NK	NK	fasta-refseqs-proto-epv	Parvovirinae	Protoparvovirus
proto.184-Phascolarctos_cinereus	184	Species	Phascolarctos	Protoparvovirus	Protoparvovirus	Proto-B	Proto-B	Proto-B	Proto-B	Proto-B	Proto-B	NK	NK	NK	NK	NK	fasta-refseqs-proto-epv	Parvovirinae	Protoparvovirus
proto.185-Phascolarctos_cinereus	185	Species	Phascolarctos	Protoparvovirus	Protoparvovirus	Proto-B	Proto-B	Proto-B	Proto-B	Proto-B	Proto-B	NK	NK	NK	NK	NK	fasta-refseqs-proto-epv	Parvovirinae	Protoparvovirus
proto.186-Phascolarctos_cinereus	186	Species	Phascolarctos	Protoparvovirus	Protoparvovirus	Proto-B	Proto-B	Proto-B	Proto-B	Proto-B	Proto-B	NK	NK	NK	NK	NK	fasta-refseqs-proto-epv	Parvovirinae	Protoparvovirus
proto.187-Phascolarctos_cinereus	187	Species	Phascolarctos	Protoparvovirus	Protoparvovirus	Proto-B	Proto-B	Proto-B	Proto-B	Proto-B	Proto-B	NK	NK	NK	NK	NK	fasta-refseqs-proto-epv	Parvovirinae	Protoparvovirus
proto.188-Phascolarctos_cinereus	188	Species	Phascolarctos	Protoparvovirus	Protoparvovirus	Proto-B	Proto-B	Proto-B	Proto-B	Proto-B	Proto-B	NK	NK	NK	NK	NK	fasta-refseqs-proto-epv	Parvovirinae	Protoparvovirus
proto.189-Rodentia	189	Order	Rodents	Protoparvovirus	Protoparvovirus	Proto-B	Proto-B	Proto-B	Proto-B	Proto-B	Proto-B	NK	NK	NK	NK	NK	fasta-refseqs-proto-epv	Parvovirinae	Protoparvovirus
proto.190-Echinops_telfairi	190	Species	Echinops	Protoparvovirus	Protoparvovirus	Proto-B	Proto-B	Proto-B	Proto-B	Proto-B	Proto-B	NK	NK	NK	NK	NK	fasta-refseqs-proto-epv	Parvovirinae	Protoparvovirus
proto.191-Myocastor_coypus	191	Species	Myocastor	Protoparvovirus	Protoparvovirus	Proto-B	Proto-B	Proto-B	Proto-B	Proto-B	Proto-B	NK	NK	NK	NK	NK	fasta-refseqs-proto-epv	Parvovirinae	Protoparvovirus
proto.192-Ctenomys_sociabilis	192	Species	Ctenomys	Protoparvovirus	Protoparvovirus	Proto-B	Proto-B	Proto-B	Proto-B	Proto-B	Proto-B	NK	NK	NK	NK	NK	fasta-refseqs-proto-epv	Parvovirinae	Protoparvovirus
proto.193-Ctenomys_sociabilis	193	Species	Ctenomys	Protoparvovirus	Protoparvovirus	Proto-B	Proto-B	Proto-B	Proto-B	Proto-B	Proto-B	NK	NK	NK	NK	NK	fasta-refseqs-proto-epv	Parvovirinae	Protoparvovirus
proto.194-Sarcophilus_harrisii	194	Species	Sarcophilus	Protoparvovirus	Protoparvovirus	Proto-B	Proto-B	Proto-B	Proto-B	Proto-B	Proto-B	NK	NK	NK	NK	NK	fasta-refseqs-proto-epv	Parvovirinae	Protoparvovirus
proto.195-Sarcophilus_harrisii	195	Species	Sarcophilus	Protoparvovirus	Protoparvovirus	Proto-B	Proto-B	Proto-B	Proto-B	Proto-B	Proto-B	NK	NK	NK	NK	NK	fasta-refseqs-proto-epv	Parvovirinae	Protoparvovirus
proto.196-Sarcophilus_harrisii	196	Species	Sarcophilus	Protoparvovirus	Protoparvovirus	Proto-B	Proto-B	Proto-B	Proto-B	Proto-B	Proto-B	NK	NK	NK	NK	NK	fasta-refseqs-proto-epv	Parvovirinae	Protoparvovirus
proto.197-rodentia	197	Species	Dinomys	Protoparvovirus	Protoparvovirus	Proto-B	Proto-B	Proto-B	Proto-B	Proto-B	Proto-B	NK	NK	NK	NK	NK	fasta-refseqs-proto-epv	Parvovirinae	Protoparvovirus
proto.198-Monodelphis_domestica	198	Species	Monodelphis	Protoparvovirus	Protoparvovirus	Proto-B	Proto-B	Proto-B	Proto-B	Proto-B	Proto-B	NK	NK	NK	NK	NK	fasta-refseqs-proto-epv	Parvovirinae	Protoparvovirus
proto.199-Orycteropus_afer	199	Species	Orycteropus	Protoparvovirus	Protoparvovirus	Proto-B	Proto-B	Proto-B	Proto-B	Proto-B	Proto-B	NK	NK	NK	NK	NK	fasta-refseqs-proto-epv	Parvovirinae	Protoparvovirus
proto.200-Orycteropus_afer	200	Species	Orycteropus	Protoparvovirus	Protoparvovirus	Proto-B	Proto-B	Proto-B	Proto-B	Proto-B	Proto-B	NK	NK	NK	NK	NK	fasta-refseqs-proto-epv	Parvovirinae	Protoparvovirus
proto.201-Chrysochloris_asiatica	201	Species	Chrysochloris	Protoparvovirus	Protoparvovirus	Proto-B	Proto-B	Proto-B	Proto-B	Proto-B	Proto-B	NK	NK	NK	NK	NK	fasta-refseqs-proto-epv	Parvovirinae	Protoparvovirus
proto.202-Chrysochloris_asiatica	202	Species	Chrysochloris	Protoparvovirus	Protoparvovirus	Proto-B	Proto-B	Proto-B	Proto-B	Proto-B	Proto-B	NK	NK	NK	NK	NK	fasta-refseqs-proto-epv	Parvovirinae	Protoparvovirus
proto.203-Gymnobelideus_leadbeateri	203	Species	Gymnobelideus	Protoparvovirus	Protoparvovirus	Proto-B	Proto-B	Proto-B	Proto-B	Proto-B	Proto-B	NK	NK	NK	NK	NK	fasta-refseqs-proto-epv	Parvovirinae	Protoparvovirus
proto.204-Gymnobelideus_leadbeateri	204	Species	Gymnobelideus	Protoparvovirus	Protoparvovirus	Proto-B	Proto-B	Proto-B	Proto-B	Proto-B	Proto-B	NK	NK	NK	NK	NK	fasta-refseqs-proto-epv	Parvovirinae	Protoparvovirus
proto.205-Gymnobelideus_leadbeateri	205	Species	Gymnobelideus	Protoparvovirus	Protoparvovirus	Proto-B	Proto-B	Proto-B	Proto-B	Proto-B	Proto-B	NK	NK	NK	NK	NK	fasta-refseqs-proto-epv	Parvovirinae	Protoparvovirus
proto.206-Gymnobelideus_leadbeateri	206	Species	Gymnobelideus	Protoparvovirus	Protoparvovirus	Proto-B	Proto-B	Proto-B	Proto-B	Proto-B	Proto-B	NK	NK	NK	NK	NK	fasta-refseqs-proto-epv	Parvovirinae	Protoparvovirus
proto.207-Gymnobelideus_leadbeateri	207	Species	Gymnobelideus	Protoparvovirus	Protoparvovirus	Proto-B	Proto-B	Proto-B	Proto-B	Proto-B	Proto-B	NK	NK	NK	NK	NK	fasta-refseqs-proto-epv	Parvovirinae	Protoparvovirus
proto.208-Octodon_degus	208	Species	Octodon	Protoparvovirus	Protoparvovirus	Proto-B	Proto-B	Proto-B	Proto-B	Proto-B	Proto-B	NK	NK	NK	NK	NK	fasta-refseqs-proto-epv	Parvovirinae	Protoparvovirus
proto.217-Vombatus_ursinus	217	Species	Vombatus	Protoparvovirus	Protoparvovirus	Proto-B	Proto-B	Proto-B	Proto-B	Proto-B	Proto-B	NK	NK	NK	NK	NK	fasta-refseqs-proto-epv	Parvovirinae	Protoparvovirus
proto.218-Vombatus_ursinus	218	Species	Vombatus	Protoparvovirus	Protoparvovirus	Proto-B	Proto-B	Proto-B	Proto-B	Proto-B	Proto-B	NK	NK	NK	NK	NK	fasta-refseqs-proto-epv	Parvovirinae	Protoparvovirus
proto.219-Trichechus_manatus	219	Species	Trichechus	Protoparvovirus	Protoparvovirus	Proto-B	Proto-B	Proto-B	Proto-B	Proto-B	Proto-B	NK	NK	NK	NK	NK	fasta-refseqs-proto-epv	Parvovirinae	Protoparvovirus