sequenceID	locus_numeric_id	locus_name	host_species	empty_site	host_class	host_superorder	host_order	host_family	host_genus
KX239848	0	dependo.0-macropus	Aepyprymnus rufescens	no	Mammalia	Unclassified	Diprotodontia	Potoroidae	Aepyprymnus
KX239849	0	dependo.0-macropus	Dendrolagus goodfellowi	no	Mammalia	Unclassified	Diprotodontia	Macropodidae	Dendrolagus
KX239850	0	dependo.0-macropus	Dendrolagus matschiei	no	Mammalia	Unclassified	Diprotodontia	Macropodidae	Dendrolagus
KX239851	0	dependo.0-macropus	Hypsiprymnodon moschatus	no	Mammalia	Unclassified	Diprotodontia	Potoroidae	Hypsiprymnodon
KX239852	0	dependo.0-macropus	Hypsiprymnodon moschatus	no	Mammalia	Unclassified	Diprotodontia	Potoroidae	Hypsiprymnodon
KX239853	0	dependo.0-macropus	Lagorchestes conspicillatus	no	Mammalia	Unclassified	Diprotodontia	Macropodidae	Lagorchestes
KX239854	0	dependo.0-macropus	Lagostrophus fasciatus	no	Mammalia	Unclassified	Diprotodontia	Macropodidae	Lagostrophus
KX239855	0	dependo.0-macropus	Macropus giganteus	no	Mammalia	Unclassified	Diprotodontia	Macropodidae	Macropus
KX239856	0	dependo.0-macropus	Macropus parma	no	Mammalia	Unclassified	Diprotodontia	Macropodidae	Macropus
KX239857	0	dependo.0-macropus	Macropus robustus	no	Mammalia	Unclassified	Diprotodontia	Macropodidae	Macropus
KX239858	0	dependo.0-macropus	Macropus rufogriseus	no	Mammalia	Unclassified	Diprotodontia	Macropodidae	Macropus
KX239859	0	dependo.0-macropus	Macropus rufus	no	Mammalia	Unclassified	Diprotodontia	Macropodidae	Macropus
KX239860	0	dependo.0-macropus	Onychogalea unguifera	no	Mammalia	Unclassified	Diprotodontia	Macropodidae	Onychogalea
KX239861	0	dependo.0-macropus	Petrogale lateralis	no	Mammalia	Unclassified	Diprotodontia	Macropodidae	Petrogale
KX239862	0	dependo.0-macropus	Potorous tridactylus	no	Mammalia	Unclassified	Diprotodontia	Potoroidae	Potorous
KX239863	0	dependo.0-macropus	Potorous tridactylus	no	Mammalia	Unclassified	Diprotodontia	Potoroidae	Potorous
KX239864	0	dependo.0-macropus	Setonix brachyurus	no	Mammalia	Unclassified	Diprotodontia	Macropodidae	Setonix
KX239865	0	dependo.0-macropus	Thylogale stigmatica	no	Mammalia	Unclassified	Diprotodontia	Macropodidae	Thylogale
KX239866	0	dependo.0-macropus	Didelphis virginiana	yes	Mammalia	Unclassified	Didelphimorphia	Didelphidae	Didelphis
KX239867	0	dependo.0-macropus	Lasiorhinus latifrons	yes	Mammalia	Unclassified	Diprotodontia	Vombatidae	Lasiorhinus
KX239868	0	dependo.0-macropus	Petaurus breviceps	yes	Mammalia	Unclassified	Diprotodontia	Petauridae	Petaurus
KX239869	0	dependo.0-macropus	Phascolarctos cinereus	yes	Mammalia	Unclassified	Diprotodontia	Phascolarctidae	Phascolarctos
KX239870	0	dependo.0-macropus	Pseudocheirus peregrinus	yes	Mammalia	Unclassified	Diprotodontia	Pseudocheiridae	Pseudocheirus
KX239871	0	dependo.0-macropus	Spilocuscus maculatus	yes	Mammalia	Unclassified	Diprotodontia	Phalangeridae	Spilocuscus
KX239872	0	dependo.0-macropus	Trichosurus vulpecula	yes	Mammalia	Unclassified	Diprotodontia	Phalangeridae	Trichosurus
MN782247	1	dependo.1-whippomorpha	Balaena mysticetus	no	Mammalia	Laurasiatheria	Cetacea	Balaenidae	Balaena
MN782248	1	dependo.1-whippomorpha	Balaenoptera acutorostrata	no	Mammalia	Laurasiatheria	Cetacea	Balaenopteridae	Balaenoptera
MN782249	1	dependo.1-whippomorpha	Balaenoptera physalus	no	Mammalia	Laurasiatheria	Cetacea	Balaenopteridae	Balaenoptera
MN782250	1	dependo.1-whippomorpha	Delphinapterus leucas	no	Mammalia	Laurasiatheria	Cetacea	Monodontidae	Delphinapterus
MN782251	1	dependo.1-whippomorpha	Delphinus capensis	no	Mammalia	Laurasiatheria	Cetacea	Delphinidae	Delphinus
MN782252	1	dependo.1-whippomorpha	Delphinus delphis	no	Mammalia	Laurasiatheria	Cetacea	Delphinidae	Delphinus
MN782253	1	dependo.1-whippomorpha	Eschrichtius robustus	no	Mammalia	Laurasiatheria	Cetacea	Eschrichtiidae	Eschrichtius
MN782254	1	dependo.1-whippomorpha	Lagenorhynchus obliquidens	no	Mammalia	Laurasiatheria	Cetacea	Delphinidae	Lagenorhynchus
MN782255	1	dependo.1-whippomorpha	Lissodelphis borealis	no	Mammalia	Laurasiatheria	Cetacea	Delphinidae	Lissodelphis
MN782256	1	dependo.1-whippomorpha	Megaptera novaeangliae	no	Mammalia	Laurasiatheria	Cetacea	Balaenopteridae	Megaptera
MN782257	1	dependo.1-whippomorpha	Mesoplodon stejnegeri	no	Mammalia	Laurasiatheria	Cetacea	Ziphiidae	Mesoplodon
MN782258	1	dependo.1-whippomorpha	Orcinus orca	no	Mammalia	Laurasiatheria	Cetacea	Delphinidae	Orcinus
MN782259	1	dependo.1-whippomorpha	Phocoena phocoena	no	Mammalia	Laurasiatheria	Cetacea	Phocoenidae	Phocoena
MN782260	1	dependo.1-whippomorpha	Phocoenoides dalli	no	Mammalia	Laurasiatheria	Cetacea	Phocoenidae	Phocoenoides
MN782261	1	dependo.1-whippomorpha	Stenella coeruleoalba	no	Mammalia	Laurasiatheria	Cetacea	Delphinidae	Stenella
MN782262	1	dependo.1-whippomorpha	Ziphius cavirostris	no	Mammalia	Laurasiatheria	Cetacea	Ziphiidae	Ziphius
MN782263	3	dependo.3-lagomorpha	Brachylagus idahoensis	no	Mammalia	Euarchontoglires	Lagomorpha	Leporidae	Brachylagus
MN782264	3	dependo.3-lagomorpha	Lepus americanus	no	Mammalia	Euarchontoglires	Lagomorpha	Leporidae	Lepus
MN782265	3	dependo.3-lagomorpha	Lepus californicus	no	Mammalia	Euarchontoglires	Lagomorpha	Leporidae	Lepus
MN782266	3	dependo.3-lagomorpha	Lepus europaeus	no	Mammalia	Euarchontoglires	Lagomorpha	Leporidae	Lepus
MN782267	3	dependo.3-lagomorpha	Oryctolagus cuniculus	no	Mammalia	Euarchontoglires	Lagomorpha	Leporidae	Oryctolagus
MN782268	3	dependo.3-lagomorpha	Sylvilagus audubonii	no	Mammalia	Euarchontoglires	Lagomorpha	Leporidae	Sylvilagus
MN782269	3	dependo.3-lagomorpha	Sylvilagus floridanus	no	Mammalia	Euarchontoglires	Lagomorpha	Leporidae	Sylvilagus
MN782270	2	dependo.2-vespertilionidae	Eptesicus andinus	no	Mammalia	Laurasiatheria	Chiroptera	Vespertilionidae	Eptesicus
MN782271	2	dependo.2-vespertilionidae	Lasionycteris noctivagans	no	Mammalia	Laurasiatheria	Chiroptera	Vespertilionidae	Lasionycteris
MN782272	2	dependo.2-vespertilionidae	Plecotus ognevi	no	Mammalia	Laurasiatheria	Chiroptera	Vespertilionidae	Plecotus