sequenceID	locus_name	locus_numeric_id	stem	host_species	host_class	host_superorder	host_order	host_family	host_genus	organism	target_datatype	target_version	target_name	scaffold	orientation	extract_start	extract_end	assigned_gene	subject_start	subject_end	query_start	query_end	align_len	bitscore	identity	evalue_num	evalue_exp	gap_openings	mismatches	locus_structure	sequence_length	virus_genus
parvovirinae.94-eHV.carlito	parvovirinae.500-eHV.Carlito	500	parvovirinae.500	Tarsius_syrichta	Mammalia	Euarchontoglires	Primates	Tarsiidae	Tarsius	Tarsius_syrichta	complete	goldenpath_tarSyr1	tarSyr1.fa_5.fa	scaffold_178296	-	925	1968	Rep	1	175	1	525	175	314	98.286	9.59	105	0	0	NS[parvovirinae.500-eHV.carlito(-)]	1044	Dependoparvovirus
parvovirinae.94-eHV.mustela	parvovirinae.500-eHV.mustela	500	parvovirinae.500	Mustela_erminea	Mammalia	Laurasiatheria	Carnivora	Mustelidae	Mustela	Mustela_erminea	low_coverage	mMusErm1	GCA_009829165.1_mMusErm1.alt_genomic.fna	WNLZ01003145.1	-	69181	70593	Rep	1	450	1	1350	450	892	100	0	1	0	0	NS[parvovirinae.500-eHV.mustela(-)]	1413	Dependoparvovirus
parvovirinae.7-Bradypus_variegatus	parvovirinae.7-bradypus	7	parvovirinae.7	Bradypus_variegatus	Mammalia	Xenarthra	Pilosa	Bradypodidae	Bradypus	Bradypus_variegatus	low_coverage	BraVar_v1_BIUU	GCA_004027775.1_BraVar_v1_BIUU_genomic.fna	PVKY010006380.1	+	5435	6391	Rep	1	178	361	897	179	365	99.441	4.09	131	1	0	957	Dependoparvovirus	NS[parvovirinae.7-bradypus(+)]
parvovirinae.20-Equus_asinus_somalicus	parvovirinae.20-laurasiatheria	20	parvovirinae.20	Equus_asinus_somalicus	Mammalia	Laurasiatheria	Perissodactyla	Equidae	Equus	Equus_asinus_somalicus	low_coverage	Henan_21MAR2017	Equus_asinus_somalicus.cns.fa	scaffold15255	-	44734	44970	Rep	1	77	4	234	77	159	100	6.3	55	0	0	237	Dependoparvovirus	NS[parvovirinae.20-laurasiatheria(-)]
parvovirinae.20-Equus_africanus_asinus	parvovirinae.20-laurasiatheria	20	parvovirinae.20	Equus_africanus_asinus	Mammalia	Laurasiatheria	Perissodactyla	Equidae	Equus	Equus_africanus_asinus	low_coverage	willy_denovo	Donkey.scafSequence.fa	scaffold15255	-	44734	44970	Rep	1	77	4	234	77	159	100	6.3	55	0	0	237	Dependoparvovirus	NS[parvovirinae.20-laurasiatheria(-)]
parvovirinae.20-Equus_hemionus	parvovirinae.20-laurasiatheria	20	parvovirinae.20	Equus_hemionus	Mammalia	Laurasiatheria	Perissodactyla	Equidae	Equus	Equus_hemionus	low_coverage	Henan_21MAR2017	Equus_hemionus.cns.fa	scaffold15255	-	44734	44970	Rep	1	77	4	234	77	159	100	6.3	55	0	0	237	Dependoparvovirus	NS[parvovirinae.20-laurasiatheria(-)]
parvovirinae.20-Equus_kiang	parvovirinae.20-laurasiatheria	20	parvovirinae.20	Equus_kiang	Mammalia	Laurasiatheria	Perissodactyla	Equidae	Equus	Equus_kiang	low_coverage	Henan_21MAR2017	Equus_kiang.cns.fa	scaffold15255	-	44734	44970	Rep	1	77	4	234	77	159	100	6.3	55	0	0	237	Dependoparvovirus	NS[parvovirinae.20-laurasiatheria(-)]
parvovirinae.20-Equus_burchellii_boehmi	parvovirinae.20-laurasiatheria	20	parvovirinae.20	Equus_burchellii_boehmi	Mammalia	Laurasiatheria	Perissodactyla	Equidae	Equus	Equus_burchellii_boehmi	low_coverage	Henan_16MAR2017	Equus_burchellii_boehmi.cns.fa	chr8	-	1277542	1277778	Rep	1	77	4	234	77	159	100	6.3	55	0	0	237	Dependoparvovirus	NS[parvovirinae.20-laurasiatheria(-)]
parvovirinae.20-Equus_grevyi	parvovirinae.20-laurasiatheria	20	parvovirinae.20	Equus_grevyi	Mammalia	Laurasiatheria	Perissodactyla	Equidae	Equus	Equus_grevyi	low_coverage	Henan_16MAR2017	Equus_grevyi.cns.fa	chr8	-	1277542	1277778	Rep	1	77	4	234	77	159	100	6.3	55	0	0	237	Dependoparvovirus	NS[parvovirinae.20-laurasiatheria(-)]
parvovirinae.20-Equus_zebra_hartmannae	parvovirinae.20-laurasiatheria	20	parvovirinae.20	Equus_zebra_hartmannae	Mammalia	Laurasiatheria	Perissodactyla	Equidae	Equus	Equus_zebra_hartmannae	low_coverage	Henan_16MAR2017	Equus_zebra_hartmannae.cns.fa	chr8	-	1277542	1277778	Rep	1	77	4	234	77	156	98.701	7.06	54	0	0	237	Dependoparvovirus	NS[parvovirinae.20-laurasiatheria(-)]
parvovirinae.20-Equus_caballus	parvovirinae.20-laurasiatheria	20	parvovirinae.20	Equus_caballus	Mammalia	Laurasiatheria	Perissodactyla	Equidae	Equus	Equus_caballus	complete	goldenpath_equCab2_Dec13	chr8.fa	chr8	-	1277542	1277778	Rep	1	77	4	234	77	155	97.403	2.5	53	0	0	237	Dependoparvovirus	NS[parvovirinae.20-laurasiatheria(-)]
parvovirinae.20-Felis_nigripes	parvovirinae.20-laurasiatheria	20	parvovirinae.29	Felis_nigripes	Mammalia	Laurasiatheria	Carnivora	Felidae	Felis	Felis_nigripes	low_coverage	FelNig_v1_BIUU	GCA_004023925.1_FelNig_v1_BIUU_genomic.fna	PISY01050105.1	+	6610	6759	rep	1	50	1	150	50	103	100	8.64	34	0	0	150	Dependoparvovirus	NS[REF_Dependo_MDPV(+)]
parvovirinae.20-Lynx_canadensis	parvovirinae.20-laurasiatheria	20	parvovirinae.29	Lynx_canadensis	Mammalia	Laurasiatheria	Carnivora	Felidae	Lynx	Lynx_canadensis	low_coverage	LynCan4_v1	GCF_007474595.1_mLynCan4_v1.p_genomic.fna	NC_044314.1	-	74711256	74711405	rep	1	50	1	150	50	103	100	8.64	34	0	0	150	Dependoparvovirus	NS[REF_Dependo_MDPV(-)]
parvovirinae.20-Prionailurus_bengalensis_euptilurus	parvovirinae.20-laurasiatheria	20	parvovirinae.29	Prionailurus_bengalensis_euptilurus	Mammalia	Laurasiatheria	Carnivora	Felidae	Prionailurus	Prionailurus_bengalensis_euptilurus	low_coverage	v01	GCA_005406085.1_Prionailurus_bengalensis_euptilurus_v01_genomic.fna	BIMV01006763.1	+	3659	3808	rep	1	50	1	150	50	102	98	3.65	33	0	0	150	Dependoparvovirus	NS[parvovirinae.2-vespertilionidae(+)]
parvovirinae.20-Panthera_onca	parvovirinae.20-laurasiatheria	20	parvovirinae.29	Panthera_onca	Mammalia	Laurasiatheria	Carnivora	Felidae	Panthera	Panthera_onca	low_coverage	PanOnc_v1_BIUU	GCA_004023805.1_PanOnc_v1_BIUU_genomic.fna	PISV01002781.1	+	182008	182157	rep	1	50	1	150	50	102	98	3.81	33	0	0	150	Dependoparvovirus	NS[parvovirinae.2-vespertilionidae(+)]
parvovirinae.20-Panthera_leo	parvovirinae.20-laurasiatheria	20	parvovirinae.29	Panthera_leo	Mammalia	Laurasiatheria	Carnivora	Felidae	Panthera	Panthera_leo	low_coverage	UCSF_Mcou_1	GCA_008795835.1_PanLeo1.0_genomic.fna	CM018472.1	-	69507453	69507602	rep	1	50	1	150	50	102	98	3.81	33	0	0	150	Dependoparvovirus	NS[parvovirinae.2-vespertilionidae(-)]
parvovirinae.20-Panthera_tigris_altaica	parvovirinae.20-laurasiatheria	20	parvovirinae.29	Panthera_tigris_altaica	Mammalia	Laurasiatheria	Carnivora	Felidae	Panthera	Panthera_tigris_altaica	low_coverage	ncbi_100_2014-03	74533_ref_PanTig1.0_chrUn.fa	gi|589288889|ref|NW_006712088.1|	-	732706	732855	rep	1	50	1	150	50	102	98	3.81	33	0	0	150	Dependoparvovirus	NS[parvovirinae.2-vespertilionidae(-)]
parvovirinae.20-Puma_concolor	parvovirinae.20-laurasiatheria	20	parvovirinae.29	Puma_concolor	Mammalia	Laurasiatheria	Carnivora	Felidae	Puma	Puma_concolor	low_coverage	GCF_003327715.1_PumCon1.0	GCF_003327715.1_PumCon1.0_genomic.fna	NW_020340053.1	-	10982448	10982597	rep	1	50	1	150	50	97.4	96	2.45	31	0	0	150	Dependoparvovirus	NS[REF_Dependo_MDPV(-)]
parvovirinae.20-Paradoxurus_hermaphroditus	parvovirinae.20-laurasiatheria	20	parvovirinae.29	Paradoxurus_hermaphroditus	Mammalia	Laurasiatheria	Carnivora	Viverridae	Paradoxurus	Paradoxurus_hermaphroditus	low_coverage	ParHer_v1_BIUU	GCA_004024585.1_ParHer_v1_BIUU_genomic.fna	PITB01008125.1	-	59567	59731	rep	1	50	13	162	50	93.2	90	1.5	29	0	0	165	Dependoparvovirus	NS[parvovirinae.22-laurasiatheria(-)]
parvovirinae.20-Callorhinus_ursinus	parvovirinae.20-laurasiatheria	20	parvovirinae.29	Callorhinus_ursinus	Mammalia	Laurasiatheria	Carnivora	Otariidae	Callorhinus	Callorhinus_ursinus	low_coverage	ASM326570v1	GCA_003265705.1_ASM326570v1_genomic.fna	KZ836403.1	+	1669062	1669304	rep	1	46	100	237	46	75.5	73.913	6.01	22	0	0	243	Dependoparvovirus	NS[REF_Dependo_GPV(+)]
parvovirinae.20-Zalophus_californianus	parvovirinae.20-laurasiatheria	20	parvovirinae.29	Zalophus_californianus	Mammalia	Laurasiatheria	Carnivora	Otariidae	Zalophus	Zalophus_californianus	low_coverage	zalCal2.2	GCF_900631625.1_zalCal2.2_genomic.fna	NW_020878390.1	-	24819086	24819328	rep	1	46	100	237	46	75.5	73.913	6.01	22	0	0	243	Dependoparvovirus	NS[REF_Dependo_GPV(-)]
parvovirinae.20-Eumetopias_jubatus	parvovirinae.20-laurasiatheria	20	parvovirinae.29	Eumetopias_jubatus	Mammalia	Laurasiatheria	Carnivora	Otariidae	Eumetopias	Eumetopias_jubatus	low_coverage	ASM402803v1	GCA_004028035.1_ASM402803v1_genomic.fna	ML137966.1	+	207960	208202	rep	1	46	100	237	46	75.5	73.913	6.01	22	0	0	243	Dependoparvovirus	NS[REF_Dependo_GPV(+)]
parvovirinae.20-Gulo_gulo	parvovirinae.20-laurasiatheria	20	parvovirinae.29	Gulo_gulo	Mammalia	Laurasiatheria	Carnivora	Mustelidae	Gulo	Gulo_gulo	low_coverage	Gulo_2.2	GCA_900006375.1_Gulo_2.2_genomic.fna	CYRY01002055.1	-	44039	44203	rep	1	49	19	165	49	72	67.347	4.88	21	0	0	165	Dependoparvovirus	NS[REF_Dependo_GPV(-)]
parvovirinae.20-Martes_zibellina	parvovirinae.20-laurasiatheria	20	parvovirinae.29	Martes_zibellina	Mammalia	Laurasiatheria	Carnivora	Mustelidae	Martes	Martes_zibellina	low_coverage	ASM1258336v1	GCA_012583365.1_ASM1258336v1_genomic.fna	RDFD01012257.1	-	697845	697988	rep	1	42	19	144	42	70.9	73.81	8.08	21	0	0	144	Dependoparvovirus	NS[parvovirinae.46-glires(-)]
parvovirinae.20-Lipotes_vexillifer	parvovirinae.20-laurasiatheria	20	parvovirinae.20	Lipotes_vexillifer	Mammalia	Laurasiatheria	Cetacea	Lipotidae	Lipotes	Lipotes_vexillifer	low_coverage	ncbi_100_2014-04-27	118797_ref_Lipotes_vexillifer_v1_chrUn.fa	gi|599273349|ref|NW_006777435.1|	+	1004199	1004375	Rep	20	77	1	174	58	70.1	55.172	5.09	20	0	0	177	Dependoparvovirus	NS[parvovirinae.20-laurasiatheria(+)]
parvovirinae.20-Physeter_catodon	parvovirinae.20-laurasiatheria	20	parvovirinae.20	Physeter_catodon	Mammalia	Laurasiatheria	Cetacea	Physeteridae	Physeter	Physeter_catodon	low_coverage	2.0.2	9755_ref_Physeter_macrocephalus-2.0.2_chrUn.fa	gi|589812373|ref|NW_006724217.1|	-	632335	632556	Rep	23	77	1	165	55	68.9	56.364	3.04	19	0	0	222	Dependoparvovirus	NS[parvovirinae.20-laurasiatheria(-)]
parvovirinae.20-Mesoplodon_bidens	parvovirinae.20-laurasiatheria	20	parvovirinae.20	Mesoplodon_bidens	Mammalia	Laurasiatheria	Cetacea	Ziphiidae	Mesoplodon	Mesoplodon_bidens	low_coverage	MesBid_v1	GCA_004027085.1_MesBid_v1_BIUU_genomic.fna	PVJJ010062959.1	-	3258	3443	Rep	20	77	10	183	58	68.6	53.448	2.82	19	0	0	186	Dependoparvovirus	NS[parvovirinae.20-laurasiatheria(-)]
parvovirinae.20-Inia_geoffrensis	parvovirinae.20-laurasiatheria	20	parvovirinae.20	Inia_geoffrensis	Mammalia	Laurasiatheria	Cetacea	Iniidae	Inia	Inia_geoffrensis	low_coverage	IniGeo_v1_BIUU	GCA_004363515.1_IniGeo_v1_BIUU_genomic.fna	RJWO010003217.1	+	2537	2764	Rep	20	77	52	225	58	67	51.724	1.97	18	0	0	228	Dependoparvovirus	NS[parvovirinae.20-laurasiatheria(+)]
parvovirinae.20-Halichoerus_grypus	parvovirinae.20-laurasiatheria	20	parvovirinae.29	Halichoerus_grypus	Mammalia	Laurasiatheria	Carnivora	Phocidae	Halichoerus	Halichoerus_grypus	low_coverage	Tufts_HGry_1.1	GCA_012393455.1_Tufts_HGry_1.1_genomic.fna	JAAXOB010002173.1	+	22896	23051	rep	1	45	22	156	45	58.2	62.222	1.36	15	0	0	156	Dependoparvovirus	NS[REF_Dependo_GPV(+)]
parvovirinae.20-Kogia_breviceps	parvovirinae.20-laurasiatheria	20	parvovirinae.20	Kogia_breviceps	Mammalia	Laurasiatheria	Cetacea	Physeteridae	Kogia	Kogia_breviceps	low_coverage	v1_BIUU	GCA_004363705.1_KogBre_v1_BIUU_genomic.fna	RJWL010008957.1	-	43647	43829	Rep	28	70	1	129	43	51.6	53.488	1.3	12	0	0	183	Dependoparvovirus	NS[parvovirinae.20-laurasiatheria(-)]
parvovirinae.22-Manis_pentadactyla	parvovirinae.22-laurasiatheria	22	parvovirinae.22	Manis_pentadactyla	Mammalia	Laurasiatheria	Pholidota	Manidae	Manis	Manis_pentadactyla	low_coverage	GCA_000738955.1	M_pentadactyla-1.1.1_genomic.fa	KN010458.1	+	73706	74176	Rep	1	140	55	471	140	204	73.571	2.08	69	1	0	471	Dependoparvovirus	NS[parvovirinae.22-laurasiatheria(+)]
parvovirinae.22-Cervus_elaphus_hippelaphus	parvovirinae.22-laurasiatheria	22	parvovirinae.22	Cervus_elaphus_hippelaphus	Mammalia	Laurasiatheria	Unclassified	Cervidae	Cervus	Cervus_elaphus_hippelaphus	low_coverage	Celaphus1.0	GCA_002197005.1_Celaphus1.0_genomic.fna	CM008041.1	-	61072656	61073381	Rep	1	205	100	696	209	199	56.459	2.61	66	7	0	726	Dependoparvovirus	NS[parvovirinae.22-laurasiatheria(-)]
parvovirinae.22-Diceros_bicornis	parvovirinae.22-laurasiatheria	22	parvovirinae.22	Diceros_bicornis	Mammalia	Laurasiatheria	Perissodactyla	Rhinocerotidae	Diceros	Diceros_bicornis	low_coverage	DicBicMic_v1_BIUU	GCA_004027315.1_DicBicMic_v1_BIUU_genomic.fna	PVJY010002153.1	-	50633	51349	Rep	1	206	64	687	213	199	56.338	1.7	66	4	0	717	Dependoparvovirus	NS[parvovirinae.22-laurasiatheria(-)]
parvovirinae.22-Manis_javanica	parvovirinae.22-laurasiatheria	22	parvovirinae.22	Manis_javanica	Mammalia	Laurasiatheria	Pholidota	Manidae	Manis	Manis_javanica	low_coverage	ManJav1.0	GCF_001685135.1_ManJav1.0_genomic.fna	NW_016535211.1	-	19833	20303	Rep	1	140	55	471	140	197	70.714	6.79	67	1	0	471	Dependoparvovirus	NS[parvovirinae.22-laurasiatheria(-)]
parvovirinae.22-Manis_tricuspis	parvovirinae.22-laurasiatheria	22	parvovirinae.22	Manis_tricuspis	Mammalia	Laurasiatheria	Pholidota	Manidae	Manis	Manis_tricuspis	low_coverage	ManTri_v1_BIUU	GCA_004765945.1_ManTri_v1_BIUU_genomic.fna	SOZM010031246.1	+	4574	5047	Rep	1	141	55	474	141	197	71.631	1.26	66	1	0	474	Dependoparvovirus	NS[parvovirinae.22-laurasiatheria(+)]
parvovirinae.22-Dicerorhinus_sumatrensis_sumatrensis	parvovirinae.22-laurasiatheria	22	parvovirinae.22	Dicerorhinus_sumatrensis_sumatrensis	Mammalia	Laurasiatheria	Perissodactyla	Rhinocerotidae	Dicerorhinus	Dicerorhinus_sumatrensis_sumatrensis	low_coverage	ASM284483v1	GCA_002844835.1_ASM284483v1_genomic.fna	PEKH010005789.1	-	184790	185230	Rep	89	206	55	411	119	192	78.992	6.62	65	1	0	441	Dependoparvovirus	NS[parvovirinae.22-laurasiatheria(-)]
parvovirinae.22-Eptesicus_fuscus	parvovirinae.22-laurasiatheria	22	parvovirinae.22	Eptesicus_fuscus	Mammalia	Laurasiatheria	Chiroptera	Vespertilionidae	Eptesicus	Eptesicus_fuscus	low_coverage	broad_1.0_april_2013	Eptesicus_f.unplaced.scaf.fa_19.fa	gi|411115864|gb|JH977699.1|	+	1476841	1477491	Rep	1	204	4	585	208	189	56.25	1.39	62	7	0	651	Dependoparvovirus	NS[parvovirinae.36-vespertilionidae(+)]
parvovirinae.22-Hipposideros_galeritus	parvovirinae.22-laurasiatheria	22	parvovirinae.22	Hipposideros_galeritus	Mammalia	Laurasiatheria	Chiroptera	Hipposideridae	Hipposideros	Hipposideros_galeritus	low_coverage	HipGal_v1	GCA_004027415.1_HipGal_v1_BIUU_genomic.fna	PVLB01002856.1	+	80953	81621	Rep	10	206	1	600	200	184	54.5	1.12	60	2	0	669	Dependoparvovirus	NS[parvovirinae.36-vespertilionidae(+)]
parvovirinae.22-Pteronotus_parnellii	parvovirinae.22-laurasiatheria	22	parvovirinae.22	Pteronotus_parnellii	Mammalia	Laurasiatheria	Chiroptera	Mormoopidae	Pteronotus	Pteronotus_parnellii	low_coverage	ncbi_AWGZ00000000.1_2015-05	AWGZ01.1.fsa_nt.fa	gi|539959617|gb|AWGZ01106480.1|	+	2213	2968	Rep	1	201	52	630	203	173	50.246	7.15	56	4	0	756	Dependoparvovirus	NS[parvovirinae.36-vespertilionidae(+)]
parvovirinae.22-Pantholops_hodgsonii	parvovirinae.22-laurasiatheria	22	parvovirinae.22	Pantholops_hodgsonii	Mammalia	Laurasiatheria	Unclassified	Bovidae	Pantholops	Pantholops_hodgsonii	low_coverage	PHO1.0	pho_ref_PHO1.0_chrUn.fa	gi|553010352|ref|NW_005810654.1|	+	3185241	3185648	Rep	80	201	1	357	122	167	71.311	1.59	55	3	0	408	Dependoparvovirus	NS[parvovirinae.22-laurasiatheria(+)]
parvovirinae.22-Beatragus_hunteri	parvovirinae.22-laurasiatheria	22	parvovirinae.22	Beatragus_hunteri	Mammalia	Laurasiatheria	Unclassified	Bovidae	Beatragus	Beatragus_hunteri	low_coverage	BeaHun_v1_BIUU	GCA_004027495.1_BeaHun_v1_BIUU_genomic.fna	PVKQ01008691.1	-	23765	24172	Rep	80	201	1	357	122	165	70.492	1.05	54	3	0	408	Dependoparvovirus	NS[parvovirinae.22-laurasiatheria(-)]
parvovirinae.22-Rhinolophus_ferrumequinum	parvovirinae.22-laurasiatheria	22	parvovirinae.22	Rhinolophus_ferrumequinum	Mammalia	Laurasiatheria	Chiroptera	Rhinolophidae	Rhinolophus	Rhinolophus_ferrumequinum	low_coverage	ncbi_AWHA00000000.1_2015-05	AWHA01.2.fsa_nt.fa	gi|539521749|gb|AWHA01101022.1|	+	15930	16448	Rep	58	201	1	441	147	156	58.503	2.47	50	1	0	519	Dependoparvovirus	NS[parvovirinae.36-vespertilionidae(+)]
parvovirinae.22-Neophocaena_asiaeorientalis	parvovirinae.22-laurasiatheria	22	parvovirinae.22	Neophocaena_asiaeorientalis	Mammalia	Laurasiatheria	Cetacea	Phocoenidae	Neophocaena	Neophocaena_asiaeorientalis	low_coverage	V1	GCF_003031525.1_Neophocaena_asiaeorientalis_V1_genomic.fna	NW_020174566.1	+	385931	386296	Rep	88	206	7	357	120	152	67.5	1.59	49	4	0	366	Dependoparvovirus	NS[parvovirinae.22-laurasiatheria(+)]
parvovirinae.22-Kobus_ellipsiprymnus	parvovirinae.22-laurasiatheria	22	parvovirinae.22	Kobus_ellipsiprymnus	Mammalia	Laurasiatheria	Unclassified	Bovidae	Kobus	Kobus_ellipsiprymnus	low_coverage	DFW-scaff	GCA_006410655.1_DFW_genomic.fna	SJYR01003115.1	-	140474	141103	Rep	80	201	1	354	122	152	68.033	3.21	48	3	0	630	Dependoparvovirus	NS[parvovirinae.22-laurasiatheria(-)]
parvovirinae.22-Phocoena_phocoena	parvovirinae.22-laurasiatheria	22	parvovirinae.22	Phocoena_phocoena	Mammalia	Laurasiatheria	Cetacea	Phocoenidae	Phocoena	Phocoena_phocoena	low_coverage	GCA_003071005	GCA_003071005.1_ASM307100v1_genomic.fna	PKGA01002432.1	-	4150214	4150579	Rep	88	206	7	357	120	150	67.5	3.48	49	4	0	366	Dependoparvovirus	NS[parvovirinae.22-laurasiatheria(-)]
parvovirinae.22-Platanista_minor	parvovirinae.22-laurasiatheria	22	parvovirinae.22	Platanista_minor	Mammalia	Laurasiatheria	Cetacea	Platanistidae	Platanista	Platanista_minor	low_coverage	PlaMin_v1_BIUU	GCA_004363435.1_PlaMin_v1_BIUU_genomic.fna	RJWK010001250.1	-	67784	68191	Rep	88	206	49	399	120	149	66.667	3.85	48	4	0	408	Dependoparvovirus	NS[parvovirinae.22-laurasiatheria(-)]
parvovirinae.22-Sousa_chinensis	parvovirinae.22-laurasiatheria	22	parvovirinae.22	Sousa_chinensis	Mammalia	Laurasiatheria	Cetacea	Delphinidae	Sousa	Sousa_chinensis	low_coverage	ASM352133v1	GCA_003521335.1_ASM352133v1_genomic.fna	QWLN01008307.1	+	99600	99968	Rep	88	206	7	357	120	147	66.667	6.01	48	4	0	369	Dependoparvovirus	NS[parvovirinae.22-laurasiatheria(+)]
parvovirinae.22-Eonycteris_spelaea	parvovirinae.22-laurasiatheria	22	parvovirinae.22	Eonycteris_spelaea	Mammalia	Laurasiatheria	Chiroptera	Pteropodidae	Eonycteris	Eonycteris_spelaea	low_coverage	Espe.v1	GCA_003508835.1_Espe.v1_genomic.fna	PUFA01000452.1	-	241222	241683	Rep	83	208	13	402	130	145	60.769	1.81	46	2	0	462	Dependoparvovirus	NS[parvovirinae.36-vespertilionidae(-)]
parvovirinae.22-Pteropus_vampyrus	parvovirinae.22-laurasiatheria	22	parvovirinae.22	Pteropus_vampyrus	Mammalia	Laurasiatheria	Chiroptera	Pteropodidae	Pteropus	Pteropus_vampyrus	low_coverage	goldenpath_pteVam1	pteVam1.fa	scaffold_5601	-	29347	29844	Rep	70	206	1	423	141	144	56.738	1.27	45	2	0	498	Dependoparvovirus	NS[parvovirinae.36-vespertilionidae(-)]
parvovirinae.22-Oryx_gazella	parvovirinae.22-laurasiatheria	22	parvovirinae.22	Oryx_gazella	Mammalia	Laurasiatheria	Unclassified	Bovidae	Oryx	Oryx_gazella	low_coverage	GMB	GCA_006410575.1_GMB_genomic.fna	SJYN01004517.1	+	78240	78677	Rep	80	178	1	291	99	144	75.758	5.77	46	2	0	438	Dependoparvovirus	NS[parvovirinae.22-laurasiatheria(+)]
parvovirinae.22-Oryx_gazella	parvovirinae.22-laurasiatheria	22	parvovirinae.22	Oryx_gazella	Mammalia	Laurasiatheria	Unclassified	Bovidae	Oryx	Oryx_gazella	low_coverage	UCDavis_Ogaz_1	GCA_003945745.1_UCDavis_Ogaz_1_genomic.fna	RAWW01004203.1	+	78240	78677	Rep	80	178	1	291	99	144	75.758	5.77	46	2	0	438	Dependoparvovirus	NS[parvovirinae.22-laurasiatheria(+)]
parvovirinae.22-Tapirus_indicus	parvovirinae.22-laurasiatheria	22	parvovirinae.22	Tapirus_indicus	Mammalia	Laurasiatheria	Perissodactyla	Tapiridae	Tapirus	Tapirus_indicus	low_coverage	TapInd_v1_BIUU	GCA_004024905.1_TapInd_v1_BIUU_genomic.fna	PVIE01002835.1	+	165705	166184	Rep	81	206	31	411	129	140	59.69	2.33	44	4	0	480	Dependoparvovirus	NS[parvovirinae.36-vespertilionidae(+)]
parvovirinae.22-Pteropus_alecto	parvovirinae.22-laurasiatheria	22	parvovirinae.22	Pteropus_alecto	Mammalia	Laurasiatheria	Chiroptera	Pteropodidae	Pteropus	Pteropus_alecto	low_coverage	broad_1.0_april_2012	unplaced.scaf.fa_5.fa	gi|431914431|gb|KB030533.1|	+	3953770	3954264	Rep	89	212	52	423	127	139	61.417	1.07	43	3	0	495	Dependoparvovirus	NS[parvovirinae.36-vespertilionidae(+)]
parvovirinae.22-Redunca_redunca	parvovirinae.22-laurasiatheria	22	parvovirinae.22	Redunca_redunca	Mammalia	Laurasiatheria	Unclassified	Bovidae	Redunca	Redunca_redunca	low_coverage	BHR	GCA_006410935.1_BHR_genomic.fna	SJYQ01012414.1	+	8869	9525	Rep	81	201	1	351	121	137	66.116	2.26	42	3	0	657	Dependoparvovirus	NS[parvovirinae.22-laurasiatheria(+)]
parvovirinae.22-Arctocephalus_gazella	parvovirinae.22-laurasiatheria	22	parvovirinae.22	Arctocephalus_gazella	Mammalia	Laurasiatheria	Carnivora	Otariidae	Arctocephalus	Arctocephalus_gazella	low_coverage	ArcGazv1.4	GCA_900500725.1_ArcGazv1.4_genomic.fna	UIRR01000299.1	+	2684790	2685233	Rep	52	186	4	408	137	137	59.124	1.33	43	3	0	444	Dependoparvovirus	NS[parvovirinae.22-laurasiatheria(+)]
parvovirinae.22-Hippopotamus_amphibius	parvovirinae.22-laurasiatheria	22	parvovirinae.22	Hippopotamus_amphibius	Mammalia	Laurasiatheria	Unclassified	Hippopotamidae	Hippopotamus	Hippopotamus_amphibius	low_coverage	ASM299558v1	GCA_002995585.1_ASM299558v1_genomic.fna	NKPW01114987.1	+	280	606	Rep	99	206	1	318	109	135	68.807	3.69	43	4	0	327	Dependoparvovirus	NS[parvovirinae.22-laurasiatheria(+)]
parvovirinae.22-Panthera_leo	parvovirinae.22-laurasiatheria	22	parvovirinae.22	Panthera_leo	Mammalia	Laurasiatheria	Carnivora	Felidae	Panthera	Panthera_leo	low_coverage	UCSF_Mcou_1	GCA_008795835.1_PanLeo1.0_genomic.fna	VOCV01000391.1	+	44143247	44143621	Rep	97	206	19	351	114	133	62.281	4.27	42	4	0	375	Dependoparvovirus	NS[parvovirinae.22-laurasiatheria(+)]
parvovirinae.22-Panthera_tigris_altaica	parvovirinae.22-laurasiatheria	22	parvovirinae.22	Panthera_tigris_altaica	Mammalia	Laurasiatheria	Carnivora	Felidae	Panthera	Panthera_tigris_altaica	low_coverage	ncbi_100_2014-03	74533_ref_PanTig1.0_chrUn.fa	gi|589289565|ref|NW_006711412.1|	-	1824017	1824391	Rep	97	206	19	351	114	132	62.281	6.31	42	4	0	375	Dependoparvovirus	NS[parvovirinae.22-laurasiatheria(-)]
parvovirinae.22-Sylvicapra_grimmia	parvovirinae.22-laurasiatheria	22	parvovirinae.22	Sylvicapra_grimmia	Mammalia	Laurasiatheria	Unclassified	Bovidae	Sylvicapra	Sylvicapra_grimmia	low_coverage	CMD	GCA_006408735.1_CMD_genomic.fna	SJYH01002017.1	+	160556	160780	Rep	80	154	1	225	75	129	80	1.72	41	0	0	225	Dependoparvovirus	NS[parvovirinae.22-laurasiatheria(+)]
parvovirinae.22-Capra_sibirica	parvovirinae.22-laurasiatheria	22	parvovirinae.22	Capra_sibirica	Mammalia	Laurasiatheria	Unclassified	Bovidae	Capra	Capra_sibirica	low_coverage	ASM318261v1	GCA_003182615.1_ASM318261v1_genomic.fna	NIYN01029184.1	+	37137730	37137954	Rep	80	154	1	225	75	128	77.333	3.84	41	0	0	225	Dependoparvovirus	NS[parvovirinae.22-laurasiatheria(+)]
parvovirinae.22-Ourebia_ourebi	parvovirinae.22-laurasiatheria	22	parvovirinae.22	Ourebia_ourebi	Mammalia	Laurasiatheria	Unclassified	Bovidae	Ourebia	Ourebia_ourebi	low_coverage	ORB	GCA_006417275.1_ORB_genomic.fna	SJXZ013486188.1	-	2704	2928	Rep	80	154	1	225	75	124	76	2.34	39	0	0	225	Dependoparvovirus	NS[parvovirinae.22-laurasiatheria(-)]
parvovirinae.22-Raphicerus_campestris	parvovirinae.22-laurasiatheria	22	parvovirinae.22	Raphicerus_campestris	Mammalia	Laurasiatheria	Unclassified	Bovidae	Raphicerus	Raphicerus_campestris	low_coverage	SNB	GCA_006410735.1_SNB_genomic.fna	SJYW01034651.1	-	1496	1720	Rep	80	154	1	225	75	122	74.667	7.97	39	0	0	225	Dependoparvovirus	NS[parvovirinae.22-laurasiatheria(-)]
parvovirinae.22-Callorhinus_ursinus	parvovirinae.22-laurasiatheria	22	parvovirinae.22	Callorhinus_ursinus	Mammalia	Laurasiatheria	Carnivora	Otariidae	Callorhinus	Callorhinus_ursinus	low_coverage	ASM326570v1	GCA_003265705.1_ASM326570v1_genomic.fna	KZ836204.1	+	4004860	4005159	Rep	97	186	1	264	90	120	71.111	1.44	37	1	0	300	Dependoparvovirus	NS[parvovirinae.22-laurasiatheria(+)]
parvovirinae.22-Neomonachus_schauinslandi	parvovirinae.22-laurasiatheria	22	parvovirinae.22	Neomonachus_schauinslandi	Mammalia	Laurasiatheria	Carnivora	Phocidae	Monachus	Neomonachus_schauinslandi	low_coverage	ASM220157v1	GCA_002201575.1_ASM220157v1_genomic.fna	NINY01007828.1	-	18946437	18946736	Rep	97	194	1	300	102	119	67.647	6.99	37	2	0	300	Dependoparvovirus	NS[parvovirinae.22-laurasiatheria(-)]
parvovirinae.22-Halichoerus_grypus	parvovirinae.22-laurasiatheria	22	parvovirinae.22	Halichoerus_grypus	Mammalia	Laurasiatheria	Carnivora	Phocidae	Halichoerus	Halichoerus_grypus	low_coverage	Tufts_HGry_1.1	GCA_012393455.1_Tufts_HGry_1.1_genomic.fna	JAAXOB010006714.1	+	50170	50469	Rep	97	194	1	300	102	119	66.667	3.03	37	2	0	300	Dependoparvovirus	NS[parvovirinae.22-laurasiatheria(+)]
parvovirinae.22-Leptonychotes_weddellii	parvovirinae.22-laurasiatheria	22	parvovirinae.22	Leptonychotes_weddellii	Mammalia	Laurasiatheria	Carnivora	Phocidae	Leptonychotes	Leptonychotes_weddellii	low_coverage	broad_1.1_april_2013	unplaced.scaf.fa_3.fa	gi|472269955|gb|KB714734.1|	-	2752124	2752423	Rep	97	194	1	300	102	118	67.647	7.22	37	2	0	300	Dependoparvovirus	NS[parvovirinae.22-laurasiatheria(-)]
parvovirinae.22-Ammotragus_lervia	parvovirinae.22-laurasiatheria	22	parvovirinae.22	Ammotragus_lervia	Mammalia	Laurasiatheria	Unclassified	Bovidae	Ammotragus	Ammotragus_lervia	low_coverage	NAZ_v1.0	GCA_002201775.1_A_lervia_NAZ_v1.0_genomic.fna	NIVO01011144.1	-	204624	204845	Rep	80	153	1	222	74	117	74.324	1.15	36	0	0	222	Dependoparvovirus	NS[parvovirinae.22-laurasiatheria(-)]
parvovirinae.22-Odobenus_rosmarus	parvovirinae.22-laurasiatheria	22	parvovirinae.22	Odobenus_rosmarus	Mammalia	Laurasiatheria	Carnivora	Odobenidae	Odobenus	Odobenus_rosmarus	low_coverage	marinemamm_1.0_april_2013	oro_ref_Oros_1.0_chrUn.fa_33.fa	gi|469043811|ref|NW_004451877.1|	+	138435	138734	Rep	97	186	1	264	90	117	70	3.02	36	1	0	300	Dependoparvovirus	NS[parvovirinae.22-laurasiatheria(+)]
parvovirinae.22-Mirounga_angustirostris	parvovirinae.22-laurasiatheria	22	parvovirinae.22	Mirounga_angustirostris	Mammalia	Laurasiatheria	Carnivora	Phocidae	Mirounga	Mirounga_angustirostris	low_coverage	MirAng_v1_BIUU	GCA_004023865.1_MirAng_v1_BIUU_genomic.fna	PITE01006080.1	+	48683	48982	Rep	97	194	1	300	102	117	67.647	2.33	36	2	0	300	Dependoparvovirus	NS[parvovirinae.22-laurasiatheria(+)]
parvovirinae.22-Neovison_vison	parvovirinae.22-laurasiatheria	22	parvovirinae.22	Neovison_vison	Mammalia	Laurasiatheria	Carnivora	Mustelidae	Neovison	Neovison_vison	low_coverage	NNQGG.v01	GCA_900108605.1_NNQGG.v01_genomic.fna	FNWR01000628.1	+	255588	255896	Rep	78	186	1	309	109	116	56.881	4.55	36	2	0	309	Dependoparvovirus	NS[parvovirinae.22-laurasiatheria(+)]
parvovirinae.22-Taxidea_taxus	parvovirinae.22-laurasiatheria	22	parvovirinae.22	Taxidea_taxus	Mammalia	Laurasiatheria	Carnivora	Mustelidae	Taxidea	Taxidea_taxus	low_coverage	GCA_003697995	GCA_003697995.1_ASM369799v1_genomic.fna	ML095791.1	-	47209	47568	Rep	39	160	4	360	123	115	51.22	1.99	35	2	0	360	Dependoparvovirus	NS[parvovirinae.22-laurasiatheria(-)]
parvovirinae.22-Procapra_przewalskii	parvovirinae.22-laurasiatheria	22	parvovirinae.22	Procapra_przewalskii	Mammalia	Laurasiatheria	Unclassified	Bovidae	Procapra	Procapra_przewalskii	low_coverage	PLG	GCA_006410515.1_PLG_genomic.fna	SJYF01044909.1	+	76983	77369	Rep	83	201	1	372	127	115	54.331	2.87	35	4	0	387	Dependoparvovirus	NS[parvovirinae.22-laurasiatheria(+)]
parvovirinae.22-Martes_zibellina	parvovirinae.22-laurasiatheria	22	parvovirinae.22	Martes_zibellina	Mammalia	Laurasiatheria	Carnivora	Mustelidae	Martes	Martes_zibellina	low_coverage	ASM1258336v1	GCA_012583365.1_ASM1258336v1_genomic.fna	RDFD01006970.1	-	3295844	3296152	Rep	78	186	1	309	109	114	57.798	5.15	35	2	0	309	Dependoparvovirus	NS[parvovirinae.22-laurasiatheria(-)]
parvovirinae.22-Pseudois_nayaur	parvovirinae.22-laurasiatheria	22	parvovirinae.22	Pseudois_nayaur	Mammalia	Laurasiatheria	Unclassified	Bovidae	Pseudois	Pseudois_nayaur	low_coverage	ASM318257v1	GCA_003182575.1_ASM318257v1_genomic.fna	NIZD01207767.1	-	2832	3200	Rep	81	201	1	354	122	114	57.377	1.41	34	3	0	369	Dependoparvovirus	NS[parvovirinae.22-laurasiatheria(-)]
parvovirinae.22-Rhinolophus_sinicus	parvovirinae.22-laurasiatheria	22	parvovirinae.22	Rhinolophus_sinicus	Mammalia	Laurasiatheria	Chiroptera	Rhinolophidae	Rhinolophus	Rhinolophus_sinicus	low_coverage	ASM188883v1	GCF_001888835.1_ASM188883v1_genomic.fna	NW_017739348.1	-	541674	541913	Rep	61	141	1	240	81	113	69.136	5.63	35	1	0	240	Dependoparvovirus	NS[parvovirinae.22-laurasiatheria(-)]
parvovirinae.22-Philantomba_maxwellii	parvovirinae.22-laurasiatheria	22	parvovirinae.22	Philantomba_maxwellii	Mammalia	Laurasiatheria	Unclassified	Bovidae	Philantomba	Philantomba_maxwellii	low_coverage	MXD	GCA_006410695.1_MXD_genomic.fna	SJYS01014290.1	+	444920	445093	Rep	81	138	1	174	58	112	86.207	5.96	35	0	0	174	Dependoparvovirus	NS[parvovirinae.22-laurasiatheria(+)]
parvovirinae.22-Equus_caballus	parvovirinae.22-laurasiatheria	22	parvovirinae.22	Equus_caballus	Mammalia	Laurasiatheria	Perissodactyla	Equidae	Equus	Equus_caballus	complete	goldenpath_equCab2_Dec13	chrX.fa	chrX	-	77091065	77091265	Rep	75	141	1	201	67	111	74.627	1.72	34	0	0	201	Dependoparvovirus	NS[parvovirinae.22-laurasiatheria(-)]
parvovirinae.22-Ovis_aries	parvovirinae.22-laurasiatheria	22	parvovirinae.22	Ovis_aries	Mammalia	Laurasiatheria	Unclassified	Bovidae	Ovis	Ovis_aries	low_coverage	goldenpath_oviAri3	oviAri3.fa	chrX	+	129362133	129362297	Rep	81	135	1	165	55	109	89.091	3.89	34	0	0	165	Dependoparvovirus	NS[parvovirinae.22-laurasiatheria(+)]
parvovirinae.22-Ovis_aries	parvovirinae.22-laurasiatheria	22	parvovirinae.22	Ovis_aries	Mammalia	Laurasiatheria	Unclassified	Bovidae	Ovis	Ovis_aries	complete	ensembl_79_Oar_v3.1	Ovis_aries.Oar_v3.1.dna.chromosome.X.fa	X_dna:chromosome_chromosome:Oar_v3.1:X:1:135437088:1_REF	+	129362133	129362297	Rep	81	135	1	165	55	109	89.091	3.89	34	0	0	165	Dependoparvovirus	NS[parvovirinae.22-laurasiatheria(+)]
parvovirinae.22-Ovis_aries	parvovirinae.22-laurasiatheria	22	parvovirinae.22	Ovis_aries	Mammalia	Laurasiatheria	Unclassified	Bovidae	Ovis	Ovis_aries	complete	Oar_rambouillet_v1.0	GCA_002742125.1_Oar_rambouillet_v1.0_genomic.fna	CM008498.1	+	146262190	146262354	Rep	81	135	1	165	55	109	89.091	3.89	34	0	0	165	Dependoparvovirus	NS[parvovirinae.22-laurasiatheria(+)]
parvovirinae.22-Hemitragus_hylocrius	parvovirinae.22-laurasiatheria	22	parvovirinae.22	Hemitragus_hylocrius	Mammalia	Laurasiatheria	Unclassified	Bovidae	Hemitragus	Hemitragus_hylocrius	low_coverage	HemHyl_v1	GCA_004026825.1_HemHyl_v1_BIUU_genomic.fna	PVJR01009705.1	-	62740	62904	Rep	81	135	1	165	55	109	89.091	3.89	34	0	0	165	Dependoparvovirus	NS[parvovirinae.22-laurasiatheria(-)]
parvovirinae.22-Desmodus_rotundus	parvovirinae.22-laurasiatheria	22	parvovirinae.22	Desmodus_rotundus	Mammalia	Laurasiatheria	Chiroptera	Phyllostomidae	Desmodus	Desmodus_rotundus	low_coverage	GCA_002940915	GCA_002940915.1_ASM294091v1_genomic.fna	KZ672546.1	+	4429115	4429471	Rep	88	201	1	345	120	109	50.833	7.15	33	3	0	357	Dependoparvovirus	NS[parvovirinae.36-vespertilionidae(+)]
parvovirinae.22-Equus_asinus_somalicus	parvovirinae.22-laurasiatheria	22	parvovirinae.22	Equus_asinus_somalicus	Mammalia	Laurasiatheria	Perissodactyla	Equidae	Equus	Equus_asinus_somalicus	low_coverage	Henan_21MAR2017	Equus_asinus_somalicus.cns.fa	scaffold41305	-	25182	25379	Rep	76	141	1	198	66	108	74.242	2.43	33	0	0	198	Dependoparvovirus	NS[parvovirinae.22-laurasiatheria(-)]
parvovirinae.22-Equus_grevyi	parvovirinae.22-laurasiatheria	22	parvovirinae.22	Equus_grevyi	Mammalia	Laurasiatheria	Perissodactyla	Equidae	Equus	Equus_grevyi	low_coverage	Henan_16MAR2017	Equus_grevyi.cns.fa	chrX	-	77091065	77091262	Rep	76	141	1	198	66	108	74.242	2.43	33	0	0	198	Dependoparvovirus	NS[parvovirinae.22-laurasiatheria(-)]
parvovirinae.22-Equus_kiang	parvovirinae.22-laurasiatheria	22	parvovirinae.22	Equus_kiang	Mammalia	Laurasiatheria	Perissodactyla	Equidae	Equus	Equus_kiang	low_coverage	Henan_21MAR2017	Equus_kiang.cns.fa	scaffold41305	-	25182	25379	Rep	76	141	1	198	66	108	74.242	2.43	33	0	0	198	Dependoparvovirus	NS[parvovirinae.22-laurasiatheria(-)]
parvovirinae.22-Equus_burchellii_boehmi	parvovirinae.22-laurasiatheria	22	parvovirinae.22	Equus_burchellii_boehmi	Mammalia	Laurasiatheria	Perissodactyla	Equidae	Equus	Equus_burchellii_boehmi	low_coverage	Henan_16MAR2017	Equus_burchellii_boehmi.cns.fa	chrX	-	77091065	77091262	Rep	76	141	1	198	66	108	74.242	2.43	33	0	0	198	Dependoparvovirus	NS[parvovirinae.22-laurasiatheria(-)]
parvovirinae.22-Equus_zebra_hartmannae	parvovirinae.22-laurasiatheria	22	parvovirinae.22	Equus_zebra_hartmannae	Mammalia	Laurasiatheria	Perissodactyla	Equidae	Equus	Equus_zebra_hartmannae	low_coverage	Henan_16MAR2017	Equus_zebra_hartmannae.cns.fa	chrX	-	77091065	77091262	Rep	76	141	1	198	66	108	74.242	2.43	33	0	0	198	Dependoparvovirus	NS[parvovirinae.22-laurasiatheria(-)]
parvovirinae.22-Alcelaphus_buselaphus	parvovirinae.22-laurasiatheria	22	parvovirinae.22	Alcelaphus_buselaphus	Mammalia	Laurasiatheria	Unclassified	Bovidae	Alcelaphus	Alcelaphus_buselaphus	low_coverage	HBT	GCA_006408545.1_HBT_genomic.fna	SJXN01491378.1	+	1012	1182	Rep	81	137	1	171	57	108	85.965	1.59	33	0	0	171	Dependoparvovirus	NS[parvovirinae.22-laurasiatheria(+)]
parvovirinae.22-Damaliscus_lunatus	parvovirinae.22-laurasiatheria	22	parvovirinae.22	Damaliscus_lunatus	Mammalia	Laurasiatheria	Unclassified	Bovidae	Damaliscus	Damaliscus_lunatus	low_coverage	CTB	GCA_006408505.1_CTB_genomic.fna	SJXP01001987.1	+	441689	441853	Rep	81	135	1	165	55	106	87.273	8.23	33	0	0	165	Dependoparvovirus	NS[parvovirinae.22-laurasiatheria(+)]
parvovirinae.22-Connochaetes_taurinus	parvovirinae.22-laurasiatheria	22	parvovirinae.22	Connochaetes_taurinus	Mammalia	Laurasiatheria	Unclassified	Bovidae	Connochaetes	Connochaetes_taurinus	low_coverage	BWD	GCA_006408615.1_BWD_genomic.fna	SJXO01010655.1	-	26786	26950	Rep	81	135	1	165	55	106	87.273	8.23	33	0	0	165	Dependoparvovirus	NS[parvovirinae.22-laurasiatheria(-)]
parvovirinae.22-Equus_hemionus	parvovirinae.22-laurasiatheria	22	parvovirinae.22	Equus_hemionus	Mammalia	Laurasiatheria	Perissodactyla	Equidae	Equus	Equus_hemionus	low_coverage	Henan_21MAR2017	Equus_hemionus.cns.fa	scaffold41305	-	25182	25379	Rep	76	141	1	198	66	105	72.727	2.57	32	0	0	198	Dependoparvovirus	NS[parvovirinae.22-laurasiatheria(-)]
parvovirinae.22-Megaderma_lyra	parvovirinae.22-laurasiatheria	22	parvovirinae.22	Megaderma_lyra	Mammalia	Laurasiatheria	Chiroptera	Megadermatidae	Megaderma	Megaderma_lyra	low_coverage	MegLyr_v1_BIUU	GCA_004026885.1_MegLyr_v1_BIUU_genomic.fna	PVJL010010532.1	+	5277	5651	Rep	92	203	13	354	114	105	57.895	2.76	31	1	0	375	Dependoparvovirus	NS[parvovirinae.22-laurasiatheria(+)]
parvovirinae.22-Equus_africanus_asinus	parvovirinae.22-laurasiatheria	22	parvovirinae.22	Equus_africanus_asinus	Mammalia	Laurasiatheria	Perissodactyla	Equidae	Equus	Equus_africanus_asinus	low_coverage	willy_denovo	Donkey.scafSequence.fa	scaffold41305	-	25182	25379	Rep	76	141	1	198	66	104	71.212	5.02	32	0	0	198	Dependoparvovirus	NS[parvovirinae.22-laurasiatheria(-)]
parvovirinae.22-Aepyceros_melampus	parvovirinae.22-laurasiatheria	22	parvovirinae.22	Aepyceros_melampus	Mammalia	Laurasiatheria	Unclassified	Bovidae	Aepyceros	Aepyceros_melampus	low_coverage	IMP	GCA_006408695.1_IMP_genomic.fna	SJXQ01002947.1	-	82464	82787	Rep	96	198	1	300	111	103	52.252	1.04	30	3	0	324	Dependoparvovirus	NS[parvovirinae.22-laurasiatheria(-)]
parvovirinae.22-Mormoops_blainvillei	parvovirinae.22-laurasiatheria	22	parvovirinae.22	Mormoops_blainvillei	Mammalia	Laurasiatheria	Chiroptera	Mormoopidae	Mormoops	Mormoops_blainvillei	low_coverage	MorMeg_v1	GCA_004026545.1_MorMeg_v1_BIUU_genomic.fna	PVJD01010147.1	-	33464	33967	Rep	88	206	1	363	131	103	50.382	8.01	30	3	0	504	Dependoparvovirus	NS[parvovirinae.36-vespertilionidae(-)]
parvovirinae.22-Macroglossus_sobrinus	parvovirinae.22-laurasiatheria	22	parvovirinae.22	Macroglossus_sobrinus	Mammalia	Laurasiatheria	Chiroptera	Pteropodidae	Macroglossus	Macroglossus_sobrinus	low_coverage	MacSob_v1	GCA_004027375.1_MacSob_v1_BIUU_genomic.fna	PVKZ01000594.1	-	614298	614591	Rep	128	201	34	261	76	101	65.789	4.64	30	1	0	294	Dependoparvovirus	NS[parvovirinae.22-laurasiatheria(-)]
parvovirinae.22-Mesoplodon_bidens	parvovirinae.22-laurasiatheria	22	parvovirinae.22	Mesoplodon_bidens	Mammalia	Laurasiatheria	Cetacea	Ziphiidae	Mesoplodon	Mesoplodon_bidens	low_coverage	MesBid_v1	GCA_004027085.1_MesBid_v1_BIUU_genomic.fna	PVJJ010017366.1	+	38727	38987	Rep	88	161	40	258	74	101	68.919	2.99	30	1	0	261	Dependoparvovirus	NS[parvovirinae.22-laurasiatheria(+)]
parvovirinae.22-Ziphius_cavirostris	parvovirinae.22-laurasiatheria	22	parvovirinae.22	Ziphius_cavirostris	Mammalia	Laurasiatheria	Cetacea	Ziphiidae	Ziphius	Ziphius_cavirostris	low_coverage	ZipCav_v1_BIUU	GCA_004364475.1_ZipCav_v1_BIUU_genomic.fna	RJWS010079209.1	-	6216	6443	Rep	88	161	7	225	74	99.4	67.568	1.03	29	1	0	228	Dependoparvovirus	NS[parvovirinae.22-laurasiatheria(-)]
parvovirinae.22-Muntiacus_muntjak	parvovirinae.22-laurasiatheria	22	parvovirinae.22	Muntiacus_muntjak	Mammalia	Laurasiatheria	Unclassified	Cervidae	Muntiacus	Muntiacus_muntjak	low_coverage	CMJ	GCA_006409035.1_CMJ_genomic.fna	SJXU01013650.1	+	1199787	1199948	Rep	82	135	1	162	54	97.4	83.333	1.99	29	0	0	162	Dependoparvovirus	NS[parvovirinae.22-laurasiatheria(+)]
parvovirinae.22-Muntiacus_reevesi	parvovirinae.22-laurasiatheria	22	parvovirinae.22	Muntiacus_reevesi	Mammalia	Laurasiatheria	Unclassified	Cervidae	Muntiacus	Muntiacus_reevesi	low_coverage	CIJ	GCA_006408525.1_CIJ_genomic.fna	SJXT01007171.1	+	1185103	1185264	Rep	82	135	1	162	54	97.4	83.333	1.99	29	0	0	162	Dependoparvovirus	NS[parvovirinae.22-laurasiatheria(+)]
parvovirinae.22-Hipposideros_armiger	parvovirinae.22-laurasiatheria	22	parvovirinae.22	Hipposideros_armiger	Mammalia	Laurasiatheria	Chiroptera	Hipposideridae	Hipposideros	Hipposideros_armiger	low_coverage	ASM189008v1	GCF_001890085.1_ASM189008v1_genomic.fa	NW_017731406.1	+	178515	178742	Rep	142	206	10	207	66	94.4	71.212	1.05	27	1	0	228	Dependoparvovirus	NS[parvovirinae.36-vespertilionidae(+)]
parvovirinae.22-Ceratotherium_simum	parvovirinae.22-laurasiatheria	22	parvovirinae.22	Ceratotherium_simum	Mammalia	Laurasiatheria	Perissodactyla	Rhinocerotidae	Ceratotherium	Ceratotherium_simum	low_coverage	goldenpath_cerSim1	cerSim1.fa	JH767823	+	3032479	3032649	Rep	89	138	22	171	50	91.7	78	4.44	27	0	0	171	Dependoparvovirus	NS[parvovirinae.22-laurasiatheria(+)]
parvovirinae.22-Ceratotherium_simum_cottoni	parvovirinae.22-laurasiatheria	22	parvovirinae.22	Ceratotherium_simum_cottoni	Mammalia	Laurasiatheria	Perissodactyla	Rhinocerotidae	Ceratotherium	Ceratotherium_simum_cottoni	low_coverage	CerCot_v1_BIUU	GCA_004027795.1_CerCot_v1_BIUU_genomic.fna	PVLE01016141.1	-	16356	16526	Rep	89	138	22	171	50	91.7	78	4.44	27	0	0	171	Dependoparvovirus	NS[parvovirinae.22-laurasiatheria(-)]
parvovirinae.22-Crocuta_crocuta	parvovirinae.22-laurasiatheria	22	parvovirinae.22	Crocuta_crocuta	Mammalia	Laurasiatheria	Carnivora	Hyaenidae	Crocuta	Crocuta_crocuta	low_coverage	CrCroc_1.0	GCA_008692635.1_BGI_CrCroc_1.0_genomic.fna	VOAJ01000557.1	+	17263	17577	Rep	97	178	19	261	83	85.9	56.627	5.76	24	2	0	315	Dependoparvovirus	NS[parvovirinae.22-laurasiatheria(+)]
parvovirinae.22-Eschrichtius_robustus	parvovirinae.22-laurasiatheria	22	parvovirinae.22	Eschrichtius_robustus	Mammalia	Laurasiatheria	Cetacea	Eschrichtiidae	Eschrichtius	Eschrichtius_robustus	low_coverage	ASM218922v1	GCA_002189225.1_ASM218922v1_genomic.fna	NIPP01010917.1	+	13764	13892	Rep	88	128	7	129	41	77.8	82.927	6.35	22	0	0	129	Dependoparvovirus	NS[parvovirinae.22-laurasiatheria(+)]
parvovirinae.22-Megaptera_novaeangliae	parvovirinae.22-laurasiatheria	22	parvovirinae.22	Megaptera_novaeangliae	Mammalia	Laurasiatheria	Cetacea	Balaenopteridae	Megaptera	Megaptera_novaeangliae	low_coverage	megNov1	GCA_004329385.1_megNov1_genomic.fna	RYZJ01000791.1	+	4416262	4416390	Rep	88	128	7	129	41	77.8	82.927	6.35	22	0	0	129	Dependoparvovirus	NS[parvovirinae.22-laurasiatheria(+)]
parvovirinae.22-Hyaena_hyaena	parvovirinae.22-laurasiatheria	22	parvovirinae.22	Hyaena_hyaena	Mammalia	Laurasiatheria	Carnivora	Hyaenidae	Hyaena	Hyaena_hyaena	low_coverage	HyaHya_v1	GCA_004023945.1_HyaHya_v1_BIUU_genomic.fna	PITC01014848.1	-	19711	20025	Rep	97	152	19	189	57	67.4	61.404	6.2	17	1	0	315	Dependoparvovirus	NS[parvovirinae.22-laurasiatheria(-)]
parvovirinae.22-Antrozous_pallidus	parvovirinae.22-laurasiatheria	22	parvovirinae.22	Antrozous_pallidus	Mammalia	Laurasiatheria	Chiroptera	Vespertilionidae	Antrozous	Antrozous_pallidus	low_coverage	AntPal_v1_BIUU	GCA_007922775.1_AntPal_v1_BIUU_genomic.fna	VMDP01019295.1	+	22878	23174	Rep	88	141	25	168	54	66.6	64.815	2.27	19	2	0	297	Dependoparvovirus	NS[parvovirinae.36-vespertilionidae(+)]
parvovirinae.22-Tonatia_saurophila	parvovirinae.22-laurasiatheria	22	parvovirinae.22	Tonatia_saurophila	Mammalia	Laurasiatheria	Chiroptera	Phyllostomidae	Tonatia	Tonatia_saurophila	low_coverage	TonSau_v1_BIUU	GCA_004024845.1_TonSau_v1_BIUU_genomic.fna	PVIA01009414.1	-	24843	25034	Rep	93	160	1	192	68	64.7	48.529	1.38	16	1	0	192	Dependoparvovirus	NS[parvovirinae.22-laurasiatheria(-)]