sequenceID	locus_name	locus_numeric_id	stem	host_species	sequence_length	Record_ID	host_class	host_superorder	host_order	host_family	host_genus	target_datatype	target_version	target_name	scaffold	orientation	extract_start	extract_end	assigned_gene	subject_start	subject_end	query_start	query_end	align_len	bitscore	identity	evalue_num	evalue_exp	gap_openings	mismatches	locus_structure
proto.1-Rattus_norvegicus	proto.1-RatNor	1	proto.1	Rattus_norvegicus	3469	142	Mammalia	Euarchontoglires	Rodentia	Muridae	Rattus	complete	goldenpath_rn6	rn6.fa_4.fa	chr5	-	68316098	68319566	translated-genome	425	864	857	2176	440	889	99.318	0	1	0	0	NS[proto.1-Rattus_norvegicus(+)]-VP[proto.1-Rattus_norvegicus(-)]-NK[proto.XX-Rattus_norvegicus(-)]
proto.2-Mus_spretus	proto.2-MusSpr	2	proto.2	Mus_spretus	2968	101	Mammalia	Euarchontoglires	Rodentia	Muridae	Mus	low_coverage	SPRET_EiJ_v1	GCA_001624865.1_SPRET_EiJ_v1_genomic.fa	CM004109.1	-	92706775	92709742	translated-genome	529	983	1601	2965	455	942	100	0	1	0	0	VP[proto.2-Mus_spretus(-)]-VP[proto.2-Mus_spretus(-)]-NS[proto.2-Mus_spretus(-)]
proto.3-Apodemus_sylvaticus	proto.3-Apodemus	3	proto.3	Apodemus_sylvaticus	4405	33	Mammalia	Euarchontoglires	Rodentia	Muridae	Apodemus	low_coverage	GCA_001305905.1	GCA_001305905.1_ASM130590v1_genomic.fa	LIPJ01000560.1	-	36780	41184	translated-genome	811	1374	2564	4405	614	1134	91.205	0	1	1	0	VP[proto.3-Apodemus(-)]-NS[proto.3-Apodemus(-)]
proto.4-Mus_spicilegus	proto.4-MusSpi	4	proto.4	Mus_spicilegus	3460	100	Mammalia	Euarchontoglires	Rodentia	Muridae	Mus	low_coverage	GCA_003336285.1_MUSP714	GCA_003336285.1_MUSP714_genomic.fna	QGOO01000499.1	-	393893	397352	translated-genome	445	1163	1304	3460	719	1311	99.722	0	1	0	0	VP[proto.4-Mus_spicelagus(-)]-NS[proto.4-Mus_spicelagus(-)]
proto.5-Graphiurus_murinus	proto.5-GraMur	5	proto.5	Graphiurus_murinus	222	52	Mammalia	Euarchontoglires	Rodentia	Gliridae	Graphiurus	low_coverage	GraMur_v1_BIUU	GCA_004027655.1_GraMur_v1_BIUU_genomic.fna	PVLC010185713.1	-	709	930	translated-genome	171	223	1	159	53	101	88.679	1.08	28	0	0	NS[REF_Proto_MVM1(-)]
proto.101-Monodelphis_domestica	proto.101-MonDom	101	proto.101	Monodelphis_domestica	2122	5	Mammalia	Unclassified	Didelphimorphia	Didelphidae	Monodelphis	complete	goldenpath_monDom5	chr8.fa	chr8	+	230394727	230396848	translated-genome	656	1156	551	2062	507	700	70.414	0	1	5	0	VP[proto.101-Monodelphis(+)]-VP[proto.101-Monodelphis(+)]
proto.102-Tamandua_tetradactyla	proto.102-Tamandua	102	proto.102	Tamandua_tetradactyla	3876	265	Mammalia	Xenarthra	Pilosa	Myrmecophagidae	Tamandua	low_coverage	TamTet_v1	GCA_004025105.1_TamTet_v1_BIUU_genomic.fna	PVIF010024111.1	+	5491	9366	translated-genome	1	1268	61	3870	1284	2386	93.925	0	1	4	0	NS[proto.102-Tamandua(+)]-VP[proto.102-Tamandua(+)]
proto.103-Monodelphis_domestica	proto.103-MonDom	103	proto.103	Monodelphis_domestica	5080	5	Mammalia	Unclassified	Didelphimorphia	Didelphidae	Monodelphis	complete	goldenpath_monDom5	chr6.fa	chr6	+	48166605	48171684	translated-genome	741	1156	3779	5020	416	626	72.596	0	1	2	0	NS[proto.121-Cavia(+)]-NS[proto.108-Dinomys(+)]-VP[proto.101-Monodelphis(+)]-VP[proto.101-Monodelphis(+)]
proto.104-Monodelphis_domestica	proto.104-MonDom	104	proto.104	Monodelphis_domestica	490	5	Mammalia	Unclassified	Didelphimorphia	Didelphidae	Monodelphis	complete	goldenpath_monDom5	chr8.fa	chr8	+	230387503	230387992	translated-genome	284	365	55	300	82	130	79.268	4.02	52	0	0	NS[proto.101-Monodelphis(+)]
proto.106-Myocastor_coypus	proto.106-MyoCoy	106	proto.106	Myocastor_coypus	3993	26	Mammalia	Euarchontoglires	Rodentia	Myocastoridae	Myocastor	low_coverage	MyoCoy_v1_BIUU	GCA_004027025.1_MyoCoy_v1_BIUU_genomic.fna	PVJA010008974.1	-	44073	48065	translated-genome	545	1061	2395	3972	526	858	80.608	0	1	4	0	VP[proto.107-Hydrochoerus(-)]-NS[proto.108-Dinomys(-)]
proto.107-Myocastor_coypus	proto.107-MyoCoy	107	proto.107	Myocastor_coypus	3964	26	Mammalia	Euarchontoglires	Rodentia	Myocastoridae	Myocastor	low_coverage	MyoCoy_v1_BIUU	GCA_004027025.1_MyoCoy_v1_BIUU_genomic.fna	PVJA010043233.1	+	8551	12514	translated-genome	391	918	1953	3572	540	811	76.481	0	1	6	0	NS[proto.139-Myocastor(+)]-VP[proto.107-Hydrochoerus(+)]-VP[proto.107-Hydrochoerus(+)]
proto.108-Dinomys_branickii	proto.108-Rodentia	108	proto.108	Dinomys_branickii	4156	46	Mammalia	Euarchontoglires	Rodentia	Dinomyidae	Dinomys	low_coverage	DinBra_v1	GCA_004027595.1_DinBra_v1_BIUU_genomic.fna	PVLD010013231.1	+	21112	25267	translated-genome	1	1107	268	3573	1115	1737	78.655	0	1	7	0	NS[proto.108-Dinomys(+)]-VP[proto.108-Dinomys(+)]-VP[proto.108-Dinomys(+)]
proto.108-Hydrochoerus_hydrochaeris	proto.108-Rodentia	108	proto.108	Hydrochoerus_hydrochaeris	4236	9	Mammalia	Euarchontoglires	Rodentia	Hydrochaeridae	Hydrochoerus	low_coverage	HydHyd_v1_BIUU	GCA_004027455.1_HydHyd_v1_BIUU_genomic.fna	PVLA01004051.1	+	62864	67099	translated-genome	1	1289	352	4233	1315	1675	65.779	0	1	13	0	NS[proto.139-Myocastor(+)]-VP[proto.107-Hydrochoerus(+)]
proto.108-Chinchilla_lanigera	proto.108-Rodentia	108	proto.108	Chinchilla_lanigera	4216	16	Mammalia	Euarchontoglires	Rodentia	Chinchillidae	Chinchilla	low_coverage	broad_v0_2012	C_lanigera_v0.assembly.fasta_12.fa	scaffold00033	-	14636987	14641202	translated-genome	90	1255	638	4204	1215	1602	68.889	0	1	10	0	VP[proto.108-Dinomys(-)]-NS[proto.108-Dinomys(-)]
proto.108-Cuniculus_paca	proto.108-Rodentia	108	proto.108	Cuniculus_paca	1416	2	Mammalia	Euarchontoglires	Rodentia	Cuniculidae	Cuniculus	low_coverage	CunPac_v1_BIUU	GCA_004365215.1_CunPac_v1_BIUU_genomic.fna	RJWT010283486.1	+	521	1936	translated-genome	592	1064	1	1416	475	663	74.947	0	1	4	0	VP[proto.108-Dinomys(+)]
proto.108-Chinchilla_lanigera	proto.108-Rodentia	108	proto.108	Chinchilla_lanigera	3819	16	Mammalia	Euarchontoglires	Rodentia	Chinchillidae	Chinchilla	low_coverage	broad_v0_2012	C_lanigera_v0.assembly.fasta_24.fa	scaffold00132	-	459274	463092	translated-genome	160	501	272	1297	342	519	70.76	0	1	0	0	VP[proto.108-Dinomys(-)]-VP[proto.121-Cavia(-)]-VP[proto.141-Erethizon(-)]-NS[proto.108-Dinomys(-)]
proto.108-Cuniculus_paca	proto.108-Rodentia	108	proto.108	Cuniculus_paca	1181	2	Mammalia	Euarchontoglires	Rodentia	Cuniculidae	Cuniculus	low_coverage	CunPac_v1_BIUU	GCA_004365215.1_CunPac_v1_BIUU_genomic.fna	RJWT010086281.1	+	5528	6708	translated-genome	209	430	423	1088	222	399	85.586	4.61	164	0	0	NS[proto.108-Dinomys(+)]
proto.108-Hydrochoerus_hydrochaeris	proto.108-Rodentia	108	proto.108	Hydrochoerus_hydrochaeris	1716	9	Mammalia	Euarchontoglires	Rodentia	Hydrochaeridae	Hydrochoerus	low_coverage	HydHyd_v1_BIUU	GCA_004027455.1_HydHyd_v1_BIUU_genomic.fna	PVLA01035332.1	+	433	2148	translated-genome	3	250	286	1071	265	212	38.113	2.46	121	2	0	NS[proto.152.Sarcophilus(+)]
proto.108-Dolichotis_patagonum	proto.108-Rodentia	108	proto.108	Dolichotis_patagonum	1326	10	Mammalia	Euarchontoglires	Rodentia	Caviidae	Dolichotis	low_coverage	DolPat_v1	GCA_004027295.1_DolPat_v1_BIUU_genomic.fna	PVJX010057708.1	+	6794	8119	translated-genome	57	457	73	1326	430	197	28.837	6.69	57	8	0	NS[proto.108-Dinomys(+)]
proto.108-Capromys_pilorides	proto.108-Rodentia	108	proto.108	Capromys_pilorides	222	147	Mammalia	Euarchontoglires	Rodentia	Capromyidae	Capromys	low_coverage	CapPil_v1_BIUU	GCA_004027915.1_CapPil_v1_BIUU_genomic.fna	PVKN010461124.1	-	1105	1326	translated-genome	403	476	1	222	74	125	77.027	2.01	37	0	0	NS[proto.108-Dinomys(-)]
proto.120-Cavia_tschudii	proto.120-Cavia	120	proto.120	Cavia_tschudii	407	96	Mammalia	Euarchontoglires	Rodentia	Caviidae	Cavia	low_coverage	CavTsc_v1_BIUU	GCA_004027695.1_CavTsc_v1_BIUU_genomic.fna	PVKK010010067.1	-	14783	15189	translated-genome	60	121	4	189	62	129	100	2.25	58	0	0	NS[proto.120-Cavia(-)]
proto.120-Cavia_porcellus	proto.120-Cavia	120	proto.120	Cavia_porcellus	407	117	Mammalia	Euarchontoglires	Rodentia	Caviidae	Cavia	low_coverage	goldenpath_cavPor3	cavPor3.fa	scaffold_188	+	79733	80139	translated-genome	60	121	4	189	62	129	100	2.25	58	0	0	NS[proto.120-Cavia(+)]
proto.120-Cavia_aperea	proto.120-Cavia	120	proto.120	Cavia_aperea	404	11	Mammalia	Euarchontoglires	Rodentia	Caviidae	Cavia	low_coverage	CavAp1.0	GCA_000688575.1_CavAp1.0_genomic.fna	AVPZ01000098.1	+	79610	80013	translated-genome	60	121	1	186	62	121	93.548	3.48	53	0	0	NS[proto.121-Cavia(+)]
proto.122-Cavia_porcellus	proto.122-Cavia	122	proto.122	Cavia_porcellus	1442	117	Mammalia	Euarchontoglires	Rodentia	Caviidae	Cavia	low_coverage	goldenpath_cavPor3	cavPor3.fa	scaffold_27	+	12833391	12834832	translated-genome	7	263	1	771	257	531	100	0	1	0	0	NS[proto.122-Cavia(+)]-NS[proto.122-Cavia(+)]
proto.122-Cavia_tschudii	proto.122-Cavia	122	proto.122	Cavia_tschudii	1443	96	Mammalia	Euarchontoglires	Rodentia	Caviidae	Cavia	low_coverage	CavTsc_v1_BIUU	GCA_004027695.1_CavTsc_v1_BIUU_genomic.fna	PVKK010020645.1	+	29241	30683	translated-genome	7	263	1	771	257	529	99.611	0	1	0	0	NS[proto.122-Cavia(+)]
proto.122-Cavia_porcellus	proto.122-Cavia	122	proto.122	Cavia_porcellus	1986	117	Mammalia	Euarchontoglires	Rodentia	Caviidae	Cavia	low_coverage	goldenpath_cavPor3	cavPor3.fa	scaffold_27	+	12841261	12843246	translated-genome	673	850	1	540	183	283	91.257	0	1	3	0	VP[proto.122-Cavia(+)]-VP[proto.122-Cavia(+)]-VP[proto.122-Cavia(+)]
proto.125-Hydrochoerus_hydrochaeris	proto.125-HydHyd	125	proto.125	Hydrochoerus_hydrochaeris	3578	9	Mammalia	Euarchontoglires	Rodentia	Hydrochaeridae	Hydrochoerus	low_coverage	HydHyd_v1_BIUU	GCA_004027455.1_HydHyd_v1_BIUU_genomic.fna	PVLA01003077.1	+	123747	127324	translated-genome	480	883	1458	2678	417	702	89.209	0	1	4	0	NS[proto.125-Hydrochoerus(+)]-VP[proto.125-Hydrochoerus(+)]-VP[proto.125-Hydrochoerus(+)]
proto.126-Octodon_degus	proto.126-Octodontidae	126	proto.126	Octodon_degus	2904	61	Mammalia	Euarchontoglires	Rodentia	Octodontidae	Octodon	low_coverage	broad_1.0_july_2012	O_degus_v0.assembly.fasta_18.fa	scaffold00088	+	365906	368809	translated-genome	143	414	430	1257	278	474	85.971	0	1	4	0	NS[proto.126-Octodon(+)]-VP[proto.126-Octodon(+)]
proto.126-Octomys_mimax	proto.126-Octodontidae	126	proto.126	Octomys_mimax	1994	29	Mammalia	Euarchontoglires	Rodentia	Octodontidae	Octomys	low_coverage	Oct_mimax_AO248_v1	GCA_002564305.1_Oct_mimax_AO248_v1_genomic.fna	NDGM010602147.1	-	2831	4824	translated-genome	491	762	908	1741	290	288	59.655	0	1	7	0	VP[proto.126-Octodon(-)]-NS[proto.108-Dinomys(-)]
proto.127-Capromys_pilorides	proto.127-Capromys	127	proto.127	Capromys_pilorides	426	147	Mammalia	Euarchontoglires	Rodentia	Capromyidae	Capromys	low_coverage	CapPil_v1_BIUU	GCA_004027915.1_CapPil_v1_BIUU_genomic.fna	PVKN010306780.1	-	681	1106	translated-genome	559	699	1	423	141	225	79.433	3	71	0	0	VP[proto.127-Myocastor(-)]
proto.128-Capromys_pilorides	proto.128-Capromys	128	proto.128	Capromys_pilorides	3220	147	Mammalia	Euarchontoglires	Rodentia	Capromyidae	Capromys	low_coverage	CapPil_v1_BIUU	GCA_004027915.1_CapPil_v1_BIUU_genomic.fna	PVKN010094820.1	+	1775	4994	translated-genome	230	1056	701	3217	843	1327	83.986	0	1	12	0	NS[proto.128-Capromys(+)]-VP[proto.128-Capromys(+)]
proto.129-Dinomys_branickii	proto.129-Dinomys	129	proto.129	Dinomys_branickii	3025	46	Mammalia	Euarchontoglires	Rodentia	Dinomyidae	Dinomys	low_coverage	DinBra_v1	GCA_004027595.1_DinBra_v1_BIUU_genomic.fna	PVLD010012564.1	-	30634	33658	translated-genome	1	537	1	1614	544	947	91.912	0	1	5	0	VP[proto.129-Dinomys(-)]-VP[proto.129-Dinomys(-)]-NS[proto.129-Dinomys(-)]
proto.130-Dinomys_branickii	proto.130-Dinomys	130	proto.130	Dinomys_branickii	3615	46	Mammalia	Euarchontoglires	Rodentia	Dinomyidae	Dinomys	low_coverage	DinBra_v1	GCA_004027595.1_DinBra_v1_BIUU_genomic.fna	PVLD010008199.1	-	43954	47568	translated-genome	244	544	739	1635	301	590	97.01	0	1	2	0	VP[proto.108-Dinomys(-)]-VP[proto.108-Dinomys(-)]-VP[proto.130-Dinomys(-)]-NS[proto.152.Sarcophilus(-)]
proto.131-Ctenomys_sociabilis	proto.131-Ctenomyidae	131	proto.131	Ctenomys_sociabilis	3386	27	Mammalia	Euarchontoglires	Rodentia	Ctenomyidae	Ctenomys	low_coverage	CteSoc_v1	GCA_004027165.1_CteSoc_v1_BIUU_genomic.fna	PVKA01055882.1	-	6101	9486	translated-genome	1	451	1	1359	453	858	98.896	0	1	2	0	VP[proto.131-Ctenomys(-)]-VP[proto.131-Ctenomys(-)]-VP[proto.131-Ctenomys(-)]-NS[proto.131-Ctenomys(-)]
proto.131-Capromys_pilorides	proto.131-Ctenomyidae	131	proto.131	Capromys_pilorides	4123	147	Mammalia	Euarchontoglires	Rodentia	Capromyidae	Capromys	low_coverage	CapPil_v1_BIUU	GCA_004027915.1_CapPil_v1_BIUU_genomic.fna	PVKN010056178.1	+	2057	6179	translated-genome	13	619	785	2611	613	823	70.962	0	1	7	0	NS[proto.139-Myocastor(+)]-VP[proto.131-Ctenomys(+)]-VP[proto.131-Ctenomys(+)]-VP[proto.131-Ctenomys(+)]
proto.132-Ctenomys_sociabilis	proto.131-Ctenomyidae	132	proto.132	Ctenomys_sociabilis	2705	27	Mammalia	Euarchontoglires	Rodentia	Ctenomyidae	Ctenomys	low_coverage	CteSoc_v1	GCA_004027165.1_CteSoc_v1_BIUU_genomic.fna	PVKA01004066.1	-	76945	79649	translated-genome	519	803	1836	2702	291	414	84.536	1.38	133	4	0	VP[proto.132-Ctenomys(-)]-NS[proto.132-Ctenomys(-)]
proto.133-Dolichotis_patagonum	proto.133-Dolichotis	133	proto.133	Dolichotis_patagonum	2969	10	Mammalia	Euarchontoglires	Rodentia	Caviidae	Dolichotis	low_coverage	DolPat_v1	GCA_004027295.1_DolPat_v1_BIUU_genomic.fna	PVJX010006219.1	-	33039	36007	translated-genome	643	978	1947	2966	340	645	93.235	0	1	3	0	VP[proto.133-Dolichotis(-)]-VP[proto.133-Dolichotis(-)]-NS[proto.108-Dinomys(-)]
proto.134-Dolichotis_patagonum	proto.134-Dolichotis	134	proto.134	Dolichotis_patagonum	2279	10	Mammalia	Euarchontoglires	Rodentia	Caviidae	Dolichotis	low_coverage	DolPat_v1	GCA_004027295.1_DolPat_v1_BIUU_genomic.fna	PVJX010000366.1	+	192130	194408	translated-genome	378	744	1170	2276	369	686	99.458	0	1	2	0	NS[proto.134-Dolichotis(+)]-VP[proto.134-Dolichotis(+)]-VP[proto.134-Dolichotis(+)]
proto.135-Octomys_mimax	proto.135-Octodontidae	135	proto.135	Octomys_mimax	2365	29	Mammalia	Euarchontoglires	Rodentia	Octodontidae	Octomys	low_coverage	Oct_mimax_AO248_v1	GCA_002564305.1_Oct_mimax_AO248_v1_genomic.fna	NDGM011158932.1	+	9501	11865	translated-genome	258	618	796	1959	392	381	63.01	0	1	8	0	NS[proto.135-Octomys(+)]-VP[proto.135-Octomys(+)]
proto.135-Octodon_degus	proto.135-Octodontidae	135	proto.135	Octodon_degus	1242	61	Mammalia	Euarchontoglires	Rodentia	Octodontidae	Octodon	low_coverage	broad_1.0_july_2012	O_degus_v0.assembly.fasta_21.fa	scaffold00109	-	3857172	3858413	translated-genome	105	201	360	650	97	192	91.753	1.69	176	0	0	VP[proto.135-Octomys(-)]-NS[proto.135-Octomys(-)]
proto.136-Octomys_mimax	proto.136-Octomys	136	proto.136	Octomys_mimax	2656	29	Mammalia	Euarchontoglires	Rodentia	Octodontidae	Octomys	low_coverage	Oct_mimax_AO248_v1	GCA_002564305.1_Oct_mimax_AO248_v1_genomic.fna	NDGM011100161.1	+	1718	4373	translated-genome	1	392	1	1182	395	710	92.152	0	1	3	0	NS[proto.136-Octomys(+)]-VP[proto.136-Octomys(+)]-VP[proto.136-Octomys(+)]
proto.137-Hydrochoerus_hydrochaeris	proto.137-Hydrochoerus	137	proto.137	Hydrochoerus_hydrochaeris	2179	9	Mammalia	Euarchontoglires	Rodentia	Hydrochaeridae	Hydrochoerus	low_coverage	HydHyd_v1_BIUU	GCA_004027455.1_HydHyd_v1_BIUU_genomic.fna	PVLA01017572.1	-	6756	8934	translated-genome	143	711	443	2176	582	833	77.32	0	1	9	0	VP[proto.137-Hydrochoerus(-)]-VP[proto.137-Hydrochoerus(-)]-NS[proto.137-Hydrochoerus(-)]
proto.138-Hydrochoerus_hydrochaeris	proto.138-Hydrochoerus	138	proto.138	Hydrochoerus_hydrochaeris	2362	9	Mammalia	Euarchontoglires	Rodentia	Hydrochaeridae	Hydrochoerus	low_coverage	HydHyd_v1_BIUU	GCA_004027455.1_HydHyd_v1_BIUU_genomic.fna	PVLA01001246.1	-	294975	297336	translated-genome	357	767	1076	2320	415	820	95.663	0	1	3	0	VP[proto.138-Hydrochoerus(-)]-NS[proto.138-Hydrochoerus(-)]
proto.139-Myocastor_coypus	proto.139-MyoCoy	139	proto.139	Myocastor_coypus	3730	26	Mammalia	Euarchontoglires	Rodentia	Myocastoridae	Myocastor	low_coverage	MyoCoy_v1_BIUU	GCA_004027025.1_MyoCoy_v1_BIUU_genomic.fna	PVJA010049710.1	+	2600	6329	translated-genome	797	1228	2402	3709	449	702	80.846	0	1	7	0	NS[proto.139-Myocastor(+)]-VP[proto.139-Myocastor(+)]-VP[proto.139-Myocastor(+)]
proto.140-Myocastor_coypus	proto.140-MyoCoy	140	proto.140	Myocastor_coypus	2080	26	Mammalia	Euarchontoglires	Rodentia	Myocastoridae	Myocastor	low_coverage	MyoCoy_v1_BIUU	GCA_004027025.1_MyoCoy_v1_BIUU_genomic.fna	PVJA010039851.1	-	8416	10495	translated-genome	410	682	1253	2077	275	555	99.273	0	1	2	0	VP[proto.140-Myocastor(-)]-VP[proto.140-Myocastor(-)]-VP[proto.140-Myocastor(-)]
proto.141-Erethizon_dorsatum	proto.141-Erethizon	141	proto.141	Erethizon_dorsatum	3923	131	Mammalia	Euarchontoglires	Rodentia	Erethizontidae	Erethizon	low_coverage	GSC_porc_1.0	GCA_006547115.1_GSC_porc_1.0_genomic.fna	ML655439.1	-	5637568	5641490	translated-genome	158	589	2607	3923	439	608	68.793	0	1	4	0	VP[proto.141-Erethizon(-)]-VP[proto.142-Cuniculus(-)]-NS[proto.139-Myocastor(-)]
proto.142-Erethizon_dorsatum	proto.142-Cuniculus	142	proto.142	Erethizon_dorsatum	4177	131	Mammalia	Euarchontoglires	Rodentia	Erethizontidae	Erethizon	low_coverage	GSC_porc_1.0	GCA_006547115.1_GSC_porc_1.0_genomic.fna	ML655384.1	-	11981851	11986027	translated-genome	212	550	1900	2934	345	429	63.188	0	1	3	0	VP[proto.143-Cuniculus(-)]-VP[proto.141-Erethizon(-)]-NS[proto.108-Dinomys(-)]
proto.143-Cuniculus_paca	proto.143-Cuniculus	143	proto.143	Cuniculus_paca	2103	2	Mammalia	Euarchontoglires	Rodentia	Cuniculidae	Cuniculus	low_coverage	CunPac_v1_BIUU	GCA_004365215.1_CunPac_v1_BIUU_genomic.fna	RJWT010093222.1	+	2226	4328	translated-genome	221	693	679	2103	475	941	99.579	0	1	2	0	VP[proto.143-Cuniculus(+)]-VP[proto.143-Cuniculus(+)]
proto.144-Myocastor_coypus	proto.144-MyoCoy	144	proto.144	Myocastor_coypus	4210	26	Mammalia	Euarchontoglires	Rodentia	Myocastoridae	Myocastor	low_coverage	MyoCoy_v1_BIUU	GCA_004027025.1_MyoCoy_v1_BIUU_genomic.fna	PVJA010000900.1	+	58662	62871	translated-genome	2	482	1	1431	482	597	63.278	0	1	2	0	NS[proto.139-Myocastor(+)]-VP[proto.131-Ctenomys(+)]-VP[proto.121-Cavia(+)]-VP[proto.121-Cavia(+)]
proto.145-Ctenomys_sociabilis	proto.145-CteSoc	145	proto.145	Ctenomys_sociabilis	3295	27	Mammalia	Euarchontoglires	Rodentia	Ctenomyidae	Ctenomys	low_coverage	CteSoc_v1	GCA_004027165.1_CteSoc_v1_BIUU_genomic.fna	PVKA01027559.1	+	22152	25446	translated-genome	4	567	103	1806	572	705	69.231	0	1	9	0	NS[proto.136-Octomys(+)]-VP[proto.121-Cavia(+)]-VP[proto.143-Cuniculus(+)]
proto.150-Gymnobelideus_leadbeateri	proto.150-Gymnobelideus	150	proto.150	Gymnobelideus_leadbeateri	3965	56	Mammalia	Unclassified	Diprotodontia	Petauridae	Gymnobelideus	low_coverage	LBP_v1_scaffolds	GCA_011680675.1_LBP_v1_genomic.fna	WOXC01011675.1	-	104428	108392	translated-genome	174	548	552	1691	385	574	80.26	0	1	5	0	VP[proto.150.Gymnobelideus(-)]-VP[proto.150.Gymnobelideus(-)]-NS[proto.150.Gymnobelideus(-)]
proto.151-Macropus_eugenii	proto.151-diprodontia	151	proto.151	Macropus_eugenii	3263	62	Mammalia	Unclassified	Diprotodontia	Macropodidae	Macropus	low_coverage	goldenpath_macEug2	macEug2.fa	GL116559	+	15981	19243	translated-genome	843	1074	2565	3260	232	458	100	0	1	0	0	NS[proto.151.Macropus(+)]-VP[proto.151.Macropus(+)]-VP[proto.151.Macropus(+)]
proto.151-Phascolarctos_cinereus	proto.151-diprodontia	151	proto.151	Phascolarctos_cinereus	4084	24	Mammalia	Unclassified	Diprotodontia	Phascolarctidae	Phascolarctos	low_coverage	phaCin_unsw_v4.1	phaCin_unsw_v4.1.fa	phaCin_unsw_v4.1.fa.scaf00046	+	9975753	9979836	translated-genome	685	1185	2087	3613	516	716	75.194	0	1	9	0	NS[proto.151.Phascolarctos(+)]-VP[proto.151.Phascolarctos(+)]-VP[proto.101-Monodelphis(+)]
proto.152-Sarcophilus_harrisii	proto.152-Sarcophilus	152	proto.152	Sarcophilus_harrisii	3985	45	Mammalia	Unclassified	Dasyuromorphia	Dasyuridae	Sarcophilus	complete	goldenpath_sarHar1	sarHar1.fa_1.fa	chr1_GL834608_random	-	1658530	1662514	translated-genome	152	562	456	1688	411	855	100	0	1	0	0	VP[proto.158.Macropus(-)]-VP[proto.152.Sarcophilus(-)]-VP[proto.152.Sarcophilus(-)]-NS[proto.152.Sarcophilus(-)]
proto.153-Macropus_eugenii	proto.153-Macropus	153	proto.153	Macropus_eugenii	3302	62	Mammalia	Unclassified	Diprotodontia	Macropodidae	Macropus	low_coverage	goldenpath_macEug2	macEug2.fa	GL081802	+	57978	61279	translated-genome	373	1010	1371	3299	647	1189	94.59	0	1	6	0	NS[proto.153.Macropus(+)]-VP[proto.157.Gymnobelideus(+)]-VP[proto.153.Macropus(+)]
proto.154-Phascolarctos_cinereus	proto.154-Phascolarctos	154	proto.154	Phascolarctos_cinereus	2067	24	Mammalia	Unclassified	Diprotodontia	Phascolarctidae	Phascolarctos	low_coverage	phaCin_unsw_v4.1	phaCin_unsw_v4.1.fa	phaCin_unsw_v4.1.fa.scaf00062	+	3784485	3786551	translated-genome	170	669	535	2049	511	971	93.933	0	1	6	0	VP[proto.154.Phascolarctos(+)]
proto.155-Gymnobelideus_leadbeateri	proto.155-Gymnobelideus	155	proto.155	Gymnobelideus_leadbeateri	2967	56	Mammalia	Unclassified	Diprotodontia	Petauridae	Gymnobelideus	low_coverage	LBP_v1_scaffolds	GCA_011680675.1_LBP_v1_genomic.fna	WOXC01012016.1	-	61514	64480	translated-genome	540	963	1654	2928	425	889	99.765	0	1	1	0	VP[proto.155.Gymnobelideus(-)]-NS[proto.155.Gymnobelideus(-)]
proto.157-Gymnobelideus_leadbeateri	proto.157-Gymnobelideus	157	proto.157	Gymnobelideus_leadbeateri	3490	56	Mammalia	Unclassified	Diprotodontia	Petauridae	Gymnobelideus	low_coverage	LBP_v1_scaffolds	GCA_011680675.1_LBP_v1_genomic.fna	WOXC01008854.1	+	26629	30118	translated-genome	206	585	644	1798	391	649	86.701	0	1	4	0	NS[proto.157.Gymnobelideus(+)]-VP[proto.157.Gymnobelideus(+)]-VP[proto.157.Gymnobelideus(+)]
proto.158-Macropus_eugenii	proto.158-Macropus	158	proto.158	Macropus_eugenii	2665	62	Mammalia	Unclassified	Diprotodontia	Macropodidae	Macropus	low_coverage	goldenpath_macEug2	macEug2.fa	GL142423	+	26977	29641	translated-genome	223	757	672	2300	548	967	90.693	0	1	6	0	NS[proto.158.Macropus(+)]-VP[proto.158.Macropus(+)]-VP[proto.158.Macropus(+)]
proto.160-Macropus_eugenii	proto.160-MacEug	160	proto.160	Macropus_eugenii	3220	62	Mammalia	Unclassified	Diprotodontia	Macropodidae	Macropus	low_coverage	goldenpath_macEug2	macEug2.fa	GL132395	-	8143	11362	translated-genome	837	1050	2573	3217	215	427	97.209	0	1	1	0	VP[proto.160.Macropus(-)]-VP[proto.160.Macropus(-)]-NS[proto.108-Dinomys(-)]
proto.161-Macropus_eugenii	proto.161-MacEug	161	proto.161	Macropus_eugenii	3018	62	Mammalia	Unclassified	Diprotodontia	Macropodidae	Macropus	low_coverage	goldenpath_macEug2	macEug2.fa	GL106615	+	51199	54216	translated-genome	475	779	1485	2525	351	414	72.08	0	1	8	0	NS[proto.161.Macropus(+)]-VP[proto.161.Macropus(+)]-VP[proto.161.Macropus(+)]-VP[proto.163.Phascolarctos(+)]
proto.162-Gymnobelideus_leadbeateri	proto.162-Gymnobelideus	162	proto.162	Gymnobelideus_leadbeateri	2965	56	Mammalia	Unclassified	Diprotodontia	Petauridae	Gymnobelideus	low_coverage	LBP_v1_scaffolds	GCA_011680675.1_LBP_v1_genomic.fna	WOXC01009024.1	-	232572	235536	translated-genome	329	965	1025	2962	646	1138	91.641	0	1	6	0	VP[proto.162.Gymnobelideus(-)]-NS[proto.162.Gymnobelideus(-)]
proto.163-Phascolarctos_cinereus	proto.163-Phascolarctos	163	proto.163	Phascolarctos_cinereus	2892	24	Mammalia	Unclassified	Diprotodontia	Phascolarctidae	Phascolarctos	low_coverage	phaCin_unsw_v4.1	phaCin_unsw_v4.1.fa	phaCin_unsw_v4.1.fa.scaf00410	+	48800	51691	translated-genome	385	692	1173	2114	326	355	61.35	0	1	6	0	NS[proto.163.Phascolarctos(+)]-VP[proto.163.Phascolarctos(+)]-VP[proto.163.Phascolarctos(+)]
proto.164-Macropus_eugenii	proto.164-Macropus	164	proto.164	Macropus_eugenii	2556	62	Mammalia	Unclassified	Diprotodontia	Macropodidae	Macropus	low_coverage	goldenpath_macEug2	macEug2.fa	GL150710	-	15685	18240	translated-genome	208	629	1282	2553	424	880	99.528	0	1	2	0	VP[proto.164.Macropus(-)]-VP[proto.164.Macropus(-)]-NS[proto.162.Gymnobelideus(-)]
proto.165-Phascolarctos_cinereus	proto.165-Phascolarctos	165	proto.165	Phascolarctos_cinereus	1472	24	Mammalia	Unclassified	Diprotodontia	Phascolarctidae	Phascolarctos	low_coverage	phaCin_unsw_v4.1	phaCin_unsw_v4.1.fa	phaCin_unsw_v4.1.fa.scaf00130	+	7627093	7628564	translated-genome	230	485	690	1469	260	508	98.077	0	1	4	0	VP[proto.165.Phascolarctos(+)]-VP[proto.165.Phascolarctos(+)]
proto.166-Macropus_eugenii	proto.166-MacEug	166	proto.166	Macropus_eugenii	294	62	Mammalia	Unclassified	Diprotodontia	Macropodidae	Macropus	low_coverage	goldenpath_macEug2	macEug2.fa	GL096756	-	10393	10686	translated-genome	399	496	1	294	98	121	61.224	8.73	36	0	0	VP[proto.166.Gymnobelideus(-)]
proto.167-Vombatus_ursinus	proto.167-VomUrs	167	proto.167	Vombatus_ursinus	342	66	Mammalia	Unclassified	Diprotodontia	Vombatidae	Vombatus	low_coverage	WM_v1.0	GCA_900497805.1_WM_v1.0_genomic.fna	UNPS01014861.1	+	5325581	5325922	translation	1	114	1	342	114	228	100	4.82	81	0	0	NS[proto.102-Tamandua(+)]
proto.168-Myocastor_coypus	proto.168-MyoCoy	168	proto.168	Myocastor_coypus	3832	26	Mammalia	Euarchontoglires	Rodentia	Myocastoridae	Myocastor	low_coverage	MyoCoy_v1_BIUU	GCA_004027025.1_MyoCoy_v1_BIUU_genomic.fna	PVJA010037612.1	-	11313	15144	translation	1	1277	1	3831	1277	2113	100	0	1	0	0	VP[proto.140-Myocastor(-)]-NS[proto.108-Dinomys(-)]
proto.169-Macropus_eugenii	proto.169-MacEug	169	proto.169	Macropus_eugenii	444	62	Mammalia	Unclassified	Diprotodontia	Macropodidae	Macropus	low_coverage	goldenpath_macEug2	macEug2.fa	GL084993	-	343	786	translation	1	148	1	444	148	251	100	4.58	89	0	0	VP[proto.154.Phascolarctos(-)]
proto.170-Graphiurus_murinus	proto.170-GraMur	170	proto.170	Graphiurus_murinus	3373	52	Mammalia	Euarchontoglires	Rodentia	Gliridae	Graphiurus	low_coverage	GraMur_v1_BIUU	GCA_004027655.1_GraMur_v1_BIUU_genomic.fna	PVLC010075717.1	+	356	3728	translation	1	1124	1	3372	1124	2085	100	0	1	0	0	NS[REF_Proto_HamsterPV(+)]-VP[proto.4-Mus_spicelagus(+)]
proto.171-Monodelphis_domestica	proto.171-MonDom	171	proto.171	Monodelphis_domestica	2493	5	Mammalia	Unclassified	Didelphimorphia	Didelphidae	Monodelphis	complete	goldenpath_monDom5	chr3.fa	chr3	-	352564249	352566741	translation	1	831	1	2493	831	1583	100	0	1	0	0	VP[proto.101-Monodelphis(-)]-NS[proto.108-Dinomys(-)]
proto.172-Monodelphis_domestica	proto.172-MonDom	172	proto.172	Monodelphis_domestica	486	5	Mammalia	Unclassified	Didelphimorphia	Didelphidae	Monodelphis	complete	goldenpath_monDom5	chr2.fa	chr2	-	341710146	341710631	translation	1	162	1	486	162	284	100	9.75	102	0	0	NS[REF_Tusavirus-KJ495710(-)]
proto.173-Graphiurus_murinus	proto.173-GraMur	173	proto.173	Graphiurus_murinus	318	52	Mammalia	Euarchontoglires	Rodentia	Gliridae	Graphiurus	low_coverage	GraMur_v1_BIUU	GCA_004027655.1_GraMur_v1_BIUU_genomic.fna	PVLC010098622.1	+	2001	2318	translation	1	106	1	318	106	218	100	1.66	77	0	0	VP[REF_Proto_MASTER_CPV(+)]
proto.174-Octodon_degus	proto.174-OctDeg	174	proto.174	Octodon_degus	1821	61	Mammalia	Euarchontoglires	Rodentia	Octodontidae	Octodon	low_coverage	broad_1.0_july_2012	O_degus_v0.assembly.fasta_33.fa	scaffold00312	-	1343538	1345358	translation	1	607	1	1821	607	1172	100	0	1	0	0	VP[proto.108-Dinomys(-)]-NS[proto.108-Dinomys(-)]
proto.176-Nannospalax_galili	proto.176-NanGal	176	proto.176	Nannospalax_galili	183	86	Mammalia	Euarchontoglires	Rodentia	Spalacidae	Nannospalax	low_coverage	S.galili_v1.0	1026970_ref_S.galili_v1.0_chrUn.fa	gi|671650055|ref|NW_008360312.1|	-	2110666	2110848	translation	1	61	1	183	61	128	100	3.94	43	0	0	VP[proto.134-Dolichotis(-)]
proto.177-Erethizon_dorsatum	proto.177-EreDor	177	proto.177	Erethizon_dorsatum	951	131	Mammalia	Euarchontoglires	Rodentia	Erethizontidae	Erethizon	low_coverage	GSC_porc_1.0	GCA_006547115.1_GSC_porc_1.0_genomic.fna	ML655485.1	+	581245	582195	translation	1	317	1	951	317	501	100	0	1	0	0	NS[proto.139-Myocastor(+)]
proto.178-Erethizon_dorsatum	proto.178-EreDor	178	proto.178	Erethizon_dorsatum	4284	131	Mammalia	Euarchontoglires	Rodentia	Erethizontidae	Erethizon	low_coverage	GSC_porc_1.0	GCA_006547115.1_GSC_porc_1.0_genomic.fna	ML655467.1	+	4500230	4504513	translation	1	1428	1	4284	1428	2743	100	0	1	0	0	NS[proto.139-Myocastor(+)]-NS[proto.129-Dinomys(+)]-VP[proto.140-Myocastor(+)]-VP[proto.121-Cavia(+)]-VP[proto.108-Dinomys(+)]
proto.179-Microgale_talazaci	proto.179-MicTal	179	proto.179	Microgale_talazaci	863	14	Mammalia	Afrotheria	Unclassified	Tenrecidae	Microgale	low_coverage	MicTal_v1_BIUU	GCA_004026705.1_MicTal_v1_BIUU_genomic.fna	PVJH01011113.1	+	24513	25375	translation	1	287	1	861	287	566	100	0	1	0	0	NS[REF_Tusavirus-KJ495710(+)]
proto.180-Phascolarctos_cinereus	proto.180-PhaCin	180	proto.180	Phascolarctos_cinereus	2631	24	Mammalia	Unclassified	Diprotodontia	Phascolarctidae	Phascolarctos	low_coverage	phaCin_unsw_v4.1	phaCin_unsw_v4.1.fa	phaCin_unsw_v4.1.fa.scaf00275	+	3102949	3105579	translation	1	877	1	2631	877	1712	100	0	1	0	0	NS[proto.102-Tamandua(+)]-VP[proto.154.Phascolarctos(+)]
proto.181-Phascolarctos_cinereus	proto.181-PhaCin	181	proto.181	Phascolarctos_cinereus	6260	24	Mammalia	Unclassified	Diprotodontia	Phascolarctidae	Phascolarctos	low_coverage	phaCin_unsw_v4.1	phaCin_unsw_v4.1.fa	phaCin_unsw_v4.1.fa.scaf00039	+	8062397	8068656	translation	1	2086	1	6258	2086	3725	100	0	1	0	0	NS[proto.102-Tamandua(+)]-VP[proto.154.Phascolarctos(+)]-VP[proto.154.Phascolarctos(+)]
proto.182-Phascolarctos_cinereus	proto.182-PhaCin	182	proto.182	Phascolarctos_cinereus	1407	24	Mammalia	Unclassified	Diprotodontia	Phascolarctidae	Phascolarctos	low_coverage	phaCin_unsw_v4.1	phaCin_unsw_v4.1.fa	phaCin_unsw_v4.1.fa.scaf00007	-	24712785	24714191	translation	1	469	1	1407	469	801	100	0	1	0	0	VP[proto.154.Phascolarctos(-)]-VP[proto.102-Tamandua(-)]
proto.183-Phascolarctos_cinereus	proto.183-PhaCin	183	proto.183	Phascolarctos_cinereus	2441	24	Mammalia	Unclassified	Diprotodontia	Phascolarctidae	Phascolarctos	low_coverage	phaCin_unsw_v4.1	phaCin_unsw_v4.1.fa	phaCin_unsw_v4.1.fa.scaf00110	+	1348819	1351259	translation	1	813	1	2439	813	1638	100	0	1	0	0	NS[proto.102-Tamandua(+)]-VP[proto.154.Phascolarctos(+)]
proto.184-Phascolarctos_cinereus	proto.184-PhaCin	184	proto.184	Phascolarctos_cinereus	828	24	Mammalia	Unclassified	Diprotodontia	Phascolarctidae	Phascolarctos	low_coverage	phaCin_unsw_v4.1	phaCin_unsw_v4.1.fa	phaCin_unsw_v4.1.fa.scaf00170	+	1686942	1687769	translation	1	276	1	828	276	565	100	0	1	0	0	NS[proto.152.Sarcophilus(+)]
proto.185-Phascolarctos_cinereus	proto.185-PhaCin	185	proto.185	Phascolarctos_cinereus	3735	24	Mammalia	Unclassified	Diprotodontia	Phascolarctidae	Phascolarctos	low_coverage	phaCin_unsw_v4.1	phaCin_unsw_v4.1.fa	phaCin_unsw_v4.1.fa.scaf00082	+	8421405	8425139	translation	1	1245	1	3735	1245	2456	100	0	1	0	0	NS[proto.156.Phascolarctos(+)]-VP[proto.156.Phascolarctos(+)]-VP[proto.162.Gymnobelideus(+)]
proto.186-Phascolarctos_cinereus	proto.186-PhaCin	186	proto.186	Phascolarctos_cinereus	1794	24	Mammalia	Unclassified	Diprotodontia	Phascolarctidae	Phascolarctos	low_coverage	phaCin_unsw_v4.1	phaCin_unsw_v4.1.fa	phaCin_unsw_v4.1.fa.scaf00041	+	9095494	9097287	translation	1	598	1	1794	598	1118	100	0	1	0	0	NS[proto.150.Gymnobelideus(+)]-VP[proto.131-Ctenomys(+)]
proto.187-Phascolarctos_cinereus	proto.187-PhaCin	187	proto.187	Phascolarctos_cinereus	5032	24	Mammalia	Unclassified	Diprotodontia	Phascolarctidae	Phascolarctos	low_coverage	phaCin_unsw_v4.1	phaCin_unsw_v4.1.fa	phaCin_unsw_v4.1.fa.scaf00056	-	8158598	8163629	translation	1	1677	1	5031	1677	2959	100	0	1	0	0	VP[proto.154.Phascolarctos(-)]-VP[proto.108-Dinomys(-)]-NS[proto.160.Macropus(-)]
proto.188-Phascolarctos_cinereus	proto.188-PhaCin	188	proto.188	Phascolarctos_cinereus	618	24	Mammalia	Unclassified	Diprotodontia	Phascolarctidae	Phascolarctos	low_coverage	phaCin_unsw_v4.1	phaCin_unsw_v4.1.fa	phaCin_unsw_v4.1.fa.scaf00287	+	2405140	2405757	translation	1	206	1	618	206	419	100	6.7	154	0	0	NS[proto.102-Tamandua(+)]
proto.189-Meriones_unguiculatus	proto.189-Rodentia	189	proto.189	Meriones_unguiculatus	393	254	Mammalia	Euarchontoglires	Rodentia	Muridae	Meriones	low_coverage	MunDraft-v1.0	GCA_002204375.1_MunDraft-v1.0_genomic.fna	NHTI01002096.1	+	256278	256670	translation	1	131	1	393	131	271	100	1.53	97	0	0	NS[dependo.6-elephantidae(+)]
proto.189-Mastomys_coucha	proto.189-Rodentia	189	proto.189	Mastomys_coucha	351	189	Mammalia	Euarchontoglires	Rodentia	Muridae	Mastomys	low_coverage	UCSF_Mcou_1	GCF_008632895.1_UCSF_Mcou_1_genomic.fna	NW_022196905.1	-	231510075	231510425	translation	1	125	1	351	125	110	52.8	1.74	34	3	0	Rep78[dependo.XX-Pipistrellus_pipistrellus(-)]
proto.189-Graphiurus_murinus	proto.189-Rodentia	189	proto.189	Graphiurus_murinus	408	52	Mammalia	Euarchontoglires	Rodentia	Gliridae	Graphiurus	low_coverage	GraMur_v1_BIUU	GCF_004785775.1_NIH_TR_1.0_genomic.fna	NW_021604646.1	+	9935592	9935999	translation	1	131	1	372	131	93.2	47.328	3	27	2	0	Rep78[dependo.XX-Neotoma_lepida(+)]
proto.189-Grammomys_surdaster	proto.189-Rodentia	189	proto.189	Grammomys_surdaster	408	67	Mammalia	Euarchontoglires	Rodentia	Muridae	Grammomys	low_coverage	NIH_TR_1.0	GCF_004785775.1_NIH_TR_1.0_genomic.fna	NW_021604646.1	+	9935592	9935999	translation	1	131	1	372	131	93.2	47.328	3	27	2	0	Rep78[dependo.XX-Neotoma_lepida(+)]
proto.189-Apodemus_sylvaticus	proto.189-Rodentia	189	proto.189	Apodemus_sylvaticus	330	33	Mammalia	Euarchontoglires	Rodentia	Muridae	Apodemus	low_coverage	GCA_001305905.1	GCA_001305905.1_ASM130590v1_genomic.fa	LIPJ01023269.1	-	15351	15680	translation	1	123	1	330	124	89.4	45.161	4.19	26	4	0	Rep78[dependo.XX-Neotoma_lepida(-)]
proto.189-Psammomys_obesus	proto.189-Rodentia	189	proto.189	Psammomys_obesus	192	185	Mammalia	Euarchontoglires	Rodentia	Muridae	Psammomys	low_coverage	ASM221593v1	GCA_002215935.1_ASM221593v1_genomic.fna	NESX01018114.1	-	1557	1748	translation	1	46	1	138	46	88.6	95.652	1.48	26	0	0	NS[dependo.46-glires(-)]
proto.189-Ellobius_lutescens	proto.189-Rodentia	189	proto.189	Ellobius_lutescens	336	73	Mammalia	Euarchontoglires	Rodentia	Cricetidae	Ellobius	low_coverage	ASM168507v1	GCA_001685075.1_ASM168507v1_genomic.fna	LOEQ01000519.1	+	58968	59303	translation	1	120	1	336	121	84.7	47.107	3.22	24	3	0	Rep78[dependo.XX-Neotoma_lepida(+)]
proto.189-Ellobius_talpinus	proto.189-Rodentia	189	proto.189	Ellobius_talpinus	336	122	Mammalia	Euarchontoglires	Rodentia	Cricetidae	Ellobius	low_coverage	ETalpinus_0.1	GCA_001685095.1_ETalpinus_0.1_genomic.fna	LOJH01107152.1	+	5184	5519	translation	1	120	1	336	121	83.2	47.107	1.31	23	3	0	Rep78[dependo.XX-Neotoma_lepida(+)]
proto.189-Graphiurus_murinus	proto.189-Rodentia	189	proto.189	Graphiurus_murinus	468	52	Mammalia	Euarchontoglires	Rodentia	Gliridae	Graphiurus	low_coverage	GraMur_v1_BIUU	GCF_004785775.1_NIH_TR_1.0_genomic.fna	NW_021604646.1	+	9982632	9983099	translation	47	125	247	468	79	80.1	50.633	2.28	24	1	0	Rep78[dependo.XX-Neotoma_lepida(+)]
proto.189-Grammomys_surdaster	proto.189-Rodentia	189	proto.189	Grammomys_surdaster	468	67	Mammalia	Euarchontoglires	Rodentia	Muridae	Grammomys	low_coverage	NIH_TR_1.0	GCF_004785775.1_NIH_TR_1.0_genomic.fna	NW_021604646.1	+	9982632	9983099	translation	47	125	247	468	79	80.1	50.633	2.28	24	1	0	Rep78[dependo.XX-Neotoma_lepida(+)]
proto.190-Echinops_telfairi	proto.190-EchTel	190	proto.190	Echinops_telfairi	757	259	Mammalia	Afrotheria	Unclassified	Tenrecidae	Echinops	complete	goldenpath_echTel2	echTel2.fa	JH980294	-	81310193	81310949	translation	1	252	1	756	252	472	100	2.8	173	0	0	Rep78[dependo.XX-453_Echinops(-)]
proto.191-Myocastor_coypus	proto.191-MyoCoy	191	proto.191	Myocastor_coypus	3937	26	Mammalia	Euarchontoglires	Rodentia	Myocastoridae	Myocastor	low_coverage	MyoCoy_v1_BIUU	GCA_004027025.1_MyoCoy_v1_BIUU_genomic.fna	PVJA010015145.1	+	29163	33099	translation	1	1312	1	3936	1312	2291	100	0	1	0	0	NS[proto.121-Cavia(+)]-VP[proto.121-Cavia(+)]-VP[proto.121-Cavia(+)]-VP[proto.121-Cavia(+)]
proto.192-Ctenomys_sociabilis	proto.192-CteSoc	192	proto.192	Ctenomys_sociabilis	1394	27	Mammalia	Euarchontoglires	Rodentia	Ctenomyidae	Ctenomys	low_coverage	CteSoc_v1	GCA_004027165.1_CteSoc_v1_BIUU_genomic.fna	PVKA01022462.1	+	23584	24977	translation	1	464	1	1392	464	863	100	0	1	0	0	NS[proto.139-Myocastor(+)]-NS[proto.121-Cavia(+)]
proto.193-Ctenomys_sociabilis	proto.193-CteSoc	193	proto.193	Ctenomys_sociabilis	645	27	Mammalia	Euarchontoglires	Rodentia	Ctenomyidae	Ctenomys	low_coverage	CteSoc_v1	GCA_004027165.1_CteSoc_v1_BIUU_genomic.fna	PVKA01048084.1	+	13088	13732	translation	1	201	1	603	201	413	100	2.8	151	0	0	NS[proto.139-Myocastor(+)]
proto.194-Sarcophilus_harrisii	proto.194-SarHar	194	proto.194	Sarcophilus_harrisii	1192	45	Mammalia	Unclassified	Dasyuromorphia	Dasyuridae	Sarcophilus	complete	goldenpath_sarHar1	sarHar1.fa_6.fa	chr6_GL864827_random	-	1912708	1913899	translation	1	397	1	1191	397	730	100	0	1	0	0	NS[proto.151.Phascolarctos(-)]
proto.195-Sarcophilus_harrisii	proto.195-SarHar	195	proto.195	Sarcophilus_harrisii	321	45	Mammalia	Unclassified	Dasyuromorphia	Dasyuridae	Sarcophilus	complete	goldenpath_sarHar1	sarHar1.fa_2.fa	chr2_GL841323_random	-	471422	471742	translation	1	107	1	321	107	215	100	2.7	76	0	0	NS[proto.121-Cavia(-)]
proto.196-Sarcophilus_harrisii	proto.196-SarHar	196	proto.196	Sarcophilus_harrisii	468	45	Mammalia	Unclassified	Dasyuromorphia	Dasyuridae	Sarcophilus	complete	goldenpath_sarHar1	sarHar1.fa_3.fa	chr2_GL842354_random	+	121527	121994	translation	1	156	1	468	156	249	100	2.76	88	0	0	NS[proto.121-Cavia(+)]
proto.197-Dinomys_branickii	proto.197-DinBra	197	proto.197	Dinomys_branickii	3866	46	Mammalia	Euarchontoglires	Rodentia	Dinomyidae	Dinomys	low_coverage	DinBra_v1	GCA_004027595.1_DinBra_v1_BIUU_genomic.fna	PVLD010030089.1	+	8060	11925	translation	1	1288	1	3864	1288	2362	100	0	1	0	0	NS[proto.139-Myocastor(+)]-VP[proto.108-Dinomys(+)]-VP[proto.108-Dinomys(+)]-VP[proto.108-Dinomys(+)]
proto.198-Monodelphis_domestica	proto.198-MonDom	198	proto.198	Monodelphis_domestica	2241	5	Mammalia	Unclassified	Didelphimorphia	Didelphidae	Monodelphis	complete	goldenpath_monDom5	chr6.fa	chr6	+	113562645	113564885	translation	1	747	1	2241	747	1228	100	0	1	0	0	NS[proto.121-Cavia(+)]-VP[proto.156.Phascolarctos(+)]
proto.199-Orycteropus_afer	proto.199-OryAfe	199	proto.199	Orycteropus_afer	2448	54	Mammalia	Afrotheria	Tubulidentata	Orycteropodidae	Orycteropus	low_coverage	broad_v0_2012	O_afer_v0.assembly.fa	scaffold00132	-	915945	918392	translation	1	816	1	2448	816	1484	100	0	1	0	0	VP[proto.102-Tamandua(-)]-NS[proto.102-Tamandua(-)]
proto.200-Orycteropus_afer	proto.200-OryAfe	200	proto.200	Orycteropus_afer	3733	54	Mammalia	Afrotheria	Tubulidentata	Orycteropodidae	Orycteropus	low_coverage	broad_v0_2012	O_afer_v0.assembly.fa	scaffold00073	-	9405476	9409208	translation	1	1244	1	3732	1244	2319	100	0	1	0	0	VP[amdo.101-Orycteropus(-)]-NS[proto.111-Afrotheria(-)]
proto.201-Chrysochloris_asiatica	proto.201-ChrAsi	201	proto.201	Chrysochloris_asiatica	2248	55	Mammalia	Afrotheria	Unclassified	Chrysochloridae	Chrysochloris	low_coverage	broad_ChrAsi1.0_2012	C_asiatica_v0.assembly.fa	scaffold00010	+	34329499	34331746	translation	1	749	1	2247	749	1280	100	0	1	0	0	NS[proto.102-Tamandua(+)]-VP[proto.154.Phascolarctos(+)]
proto.202-Chrysochloris_asiatica	proto.202-ChrAsi	202	proto.202	Chrysochloris_asiatica	144	55	Mammalia	Afrotheria	Unclassified	Chrysochloridae	Chrysochloris	low_coverage	broad_ChrAsi1.0_2012	C_asiatica_v0.assembly.fa	scaffold00156	-	3606438	3606581	translation	1	48	1	144	48	98.2	100	1.3	31	0	0	NS[proto.102-Tamandua(-)]
proto.203-Gymnobelideus_leadbeateri	proto.203-GymLea	203	proto.203	Gymnobelideus_leadbeateri	495	56	Mammalia	Unclassified	Diprotodontia	Petauridae	Gymnobelideus	low_coverage	LBP_v1_scaffolds	GCA_011680675.1_LBP_v1_genomic.fna	WOXC01000919.1	+	188701	189195	translation	1	165	1	495	165	338	100	2.52	123	0	0	VP[proto.163.Phascolarctos(+)]
proto.204-Gymnobelideus_leadbeateri	proto.204-GymLea	204	proto.204	Gymnobelideus_leadbeateri	1478	56	Mammalia	Unclassified	Diprotodontia	Petauridae	Gymnobelideus	low_coverage	LBP_v1_scaffolds	GCA_011680675.1_LBP_v1_genomic.fna	WOXC01009729.1	-	648708	650185	translation	1	492	1	1476	492	916	100	0	1	0	0	NS[proto.152.Sarcophilus(-)]-NS[proto.152.Sarcophilus(-)]
proto.205-Gymnobelideus_leadbeateri	proto.205-GymLea	205	proto.205	Gymnobelideus_leadbeateri	1230	56	Mammalia	Unclassified	Diprotodontia	Petauridae	Gymnobelideus	low_coverage	LBP_v1_scaffolds	GCA_011680675.1_LBP_v1_genomic.fna	WOXC01005829.1	-	82850	84079	translation	1	410	1	1230	410	800	100	0	1	0	0	VP[proto.154.Phascolarctos(-)]-VP[proto.163.Phascolarctos(-)]
proto.206-Gymnobelideus_leadbeateri	proto.206-GymLea	206	proto.206	Gymnobelideus_leadbeateri	639	56	Mammalia	Unclassified	Diprotodontia	Petauridae	Gymnobelideus	low_coverage	LBP_v1_scaffolds	GCA_011680675.1_LBP_v1_genomic.fna	WOXC01002583.1	+	200792	201430	translation	1	213	1	639	213	405	100	5.54	148	0	0	NS[proto.121-Cavia(+)]
proto.207-Gymnobelideus_leadbeateri	proto.207-GymLea	207	proto.207	Gymnobelideus_leadbeateri	453	56	Mammalia	Unclassified	Diprotodontia	Petauridae	Gymnobelideus	low_coverage	LBP_v1_scaffolds	GCA_011680675.1_LBP_v1_genomic.fna	WOXC01007206.1	-	499005	499457	translation	1	151	1	453	151	301	100	6.99	109	0	0	NS[proto.102-Tamandua(-)]
proto.208-Octodon_degus	proto.208-OctDeg	208	proto.208	Octodon_degus	276	61	Mammalia	Euarchontoglires	Rodentia	Octodontidae	Octodon	low_coverage	broad_1.0_july_2012	O_degus_v0.assembly.fasta_15.fa	scaffold00062	+	12296693	12296968	translation	1	92	1	276	92	193	100	4.44	68	0	0	VP[proto.121-Cavia(+)]
proto.209-Macropus_eugenii	proto.209-MacEug	209	proto.209	Macropus_eugenii	387	62	Mammalia	Unclassified	Diprotodontia	Macropodidae	Macropus	low_coverage	goldenpath_macEug2	macEug2.fa	GL121440	-	39131	39517	translation	1	129	1	387	129	267	100	4.46	96	0	0	VP[proto.154.Phascolarctos(-)]
proto.210-Macropus_eugenii	proto.210-diprotodontia	210	proto.210	Macropus_eugenii	3166	62	Mammalia	Unclassified	Diprotodontia	Macropodidae	Macropus	low_coverage	goldenpath_macEug2	macEug2.fa	GL152084	+	11645	14810	translation	1	606	1	1818	606	1164	100	0	1	0	0	NS[proto.152.Sarcophilus(+)]-VP[proto.152.Sarcophilus(+)]-VP[proto.152.Sarcophilus(+)]-VP[proto.143-Cuniculus(+)]
proto.211-Macropus_eugenii	proto.211-MacEug	211	proto.211	Macropus_eugenii	3241	62	Mammalia	Unclassified	Diprotodontia	Macropodidae	Macropus	low_coverage	goldenpath_macEug2	macEug2.fa	GL161406	+	11420	14660	translation	358	838	1799	3241	481	867	100	0	1	0	0	NS[proto.152.Sarcophilus(+)]-VP[proto.164.Macropus(+)]-VP[proto.158.Macropus(+)]
proto.212-Macropus_eugenii	proto.212-MacEug	212	proto.212	Macropus_eugenii	1380	62	Mammalia	Unclassified	Diprotodontia	Macropodidae	Macropus	low_coverage	goldenpath_macEug2	macEug2.fa	GL109622	+	44111	45490	translation	1	460	1	1380	460	894	100	0	1	0	0	NS[proto.150.Gymnobelideus(+)]
proto.213-Macropus_eugenii	proto.213-MacEug	213	proto.213	Macropus_eugenii	1709	62	Mammalia	Unclassified	Diprotodontia	Macropodidae	Macropus	low_coverage	goldenpath_macEug2	macEug2.fa	GL089129	-	21741	23449	translation	1	569	1	1707	569	1043	100	0	1	0	0	NS[proto.139-Myocastor(-)]
proto.214-Macropus_eugenii	proto.214-MacEug	214	proto.214	Macropus_eugenii	450	62	Mammalia	Unclassified	Diprotodontia	Macropodidae	Macropus	low_coverage	goldenpath_macEug2	macEug2.fa	GL146523	-	9161	9610	translation	1	150	1	450	150	293	100	6.11	106	0	0	NS[proto.121-Cavia(-)]
proto.215-Macropus_eugenii	proto.215-MacEug	215	proto.215	Macropus_eugenii	459	62	Mammalia	Unclassified	Diprotodontia	Macropodidae	Macropus	low_coverage	goldenpath_macEug2	macEug2.fa	GL156485	+	10875	11333	translation	1	153	1	459	153	315	100	2.96	114	0	0	NS[proto.121-Cavia(+)]
proto.216-Macropus_eugenii	proto.216-MacEug	216	proto.216	Macropus_eugenii	1055	62	Mammalia	Unclassified	Diprotodontia	Macropodidae	Macropus	low_coverage	goldenpath_macEug2	macEug2.fa	GL110448	-	5021	6075	translation	1	351	1	1053	351	680	100	0	1	0	0	VP[proto.162.Gymnobelideus(-)]-VP[proto.152.Sarcophilus(-)]
proto.217-Vombatus_ursinus	proto.217-VomUrs	217	proto.217	Vombatus_ursinus	609	66	Mammalia	Unclassified	Diprotodontia	Vombatidae	Vombatus	low_coverage	WM_v1.0	GCA_900497805.1_WM_v1.0_genomic.fna	UNPS01000582.1	-	8646482	8647090	translation	1	203	1	609	203	363	100	1.14	131	0	0	NS[proto.4-Mus_spicelagus(-)]
proto.218-Vombatus_ursinus	proto.218-VomUrs	218	proto.218	Vombatus_ursinus	321	66	Mammalia	Unclassified	Diprotodontia	Vombatidae	Vombatus	low_coverage	WM_v1.0	GCA_900497805.1_WM_v1.0_genomic.fna	UNPS01010284.1	-	5139367	5139687	translation	1	107	1	321	107	213	100	1.1	75	0	0	NS[proto.102-Tamandua(-)]
proto.219-Trichechus_manatus	proto.219-TriMan	219	proto.219	Trichechus_manatus	2995	78	Mammalia	Afrotheria	Sirenia	Trichechidae	Trichechus	complete	goldenpath_triMan1	triMan1.fa_2.fa	JH594625	-	3921196	3924190	translation	1	998	1	2994	998	1785	100	0	1	0	0	VP[proto.102-Tamandua(-)]-VP[proto.102-Tamandua(-)]-VP[proto.102-Tamandua(-)]-VP[proto.111-Afrotheria(-)]-NS[proto.111-Afrotheria(-)]