sequenceID	locus_name	locus_numeric_id	stem	host_species	host_class	host_superorder	host_order	host_family	host_genus	organism	target_datatype	target_version	target_name	scaffold	orientation	extract_start	extract_end	assigned_gene	subject_start	subject_end	query_start	query_end	align_len	bitscore	identity	evalue_num	evalue_exp	gap_openings	mismatches	sequence_length	virus_genus	locus_structure
dependo.0-Macropus_eugenii	dependo.0-macropus	0	dependo.0	Macropus_eugenii	Mammalia	Unclassified	Diprotodontia	Macropodidae	Macropus	Macropus_eugenii	low_coverage	goldenpath_macEug2	macEug2.fa	GL067164	+	37319	41248	translated-genome	804	1276	2500	3918	473	991	100	0	1	0	0	3930	Dependoparvovirus	NS[dependo.0-macropus(+)]-NS[dependo.0-macropus(+)]-VP[dependo.0-macropus(+)]
dependo.1-Sousa_chinensis	dependo.1-whippomorpha	1	dependo.1	Sousa_chinensis	Mammalia	Laurasiatheria	Cetacea	Delphinidae	Sousa	Sousa_chinensis	low_coverage	ASM352133v1	GCA_003521335.1_ASM352133v1_genomic.fna	QWLN01044866.1	-	228872	232544	translated-genome	779	1205	2294	3673	460	724	81.739	0	1	4	0	3673	Dependoparvovirus	VP[dependo.1-whippomorpha(-)]-Rep78[dependo.XX-Inia(-)]
dependo.1-Lipotes_vexillifer	dependo.1-whippomorpha	1	dependo.1	Lipotes_vexillifer	Mammalia	Laurasiatheria	Cetacea	Lipotidae	Lipotes	Lipotes_vexillifer	low_coverage	ncbi_100_2014-04-27	118797_ref_Lipotes_vexillifer_v1_chrUn.fa	gi|599249724|ref|NW_006783413.1|	+	1818784	1822987	translated-genome	779	1205	2765	4204	480	691	77.083	0	1	5	0	4204	Dependoparvovirus	Rep78[dependo.XX-Inia(+)]-NS[dependo.1-whippomorpha(+)]-VP[dependo.1-whippomorpha(+)]-VP[dependo.1-whippomorpha(+)]
dependo.1-Balaenoptera_acutorostrata	dependo.1-whippomorpha	1	dependo.1	Balaenoptera_acutorostrata	Mammalia	Laurasiatheria	Cetacea	Balaenopteridae	Balaenoptera	Balaenoptera_acutorostrata	low_coverage	goldenpath_balAcu1	balAcu1.fa	KI538555	+	2062510	2066364	translated-genome	601	1032	1970	3271	446	691	79.372	0	1	7	0	3855	Dependoparvovirus	NS[dependo.1-whippomorpha(+)]-VP[dependo.1-whippomorpha(+)]
dependo.1-Megaptera_novaeangliae	dependo.1-whippomorpha	1	dependo.1	Megaptera_novaeangliae	Mammalia	Laurasiatheria	Cetacea	Balaenopteridae	Megaptera	Megaptera_novaeangliae	low_coverage	megNov1	GCA_004329385.1_megNov1_genomic.fna	RYZJ01002354.1	+	2659500	2663375	translated-genome	601	1032	1985	3292	444	689	85.811	0	1	5	0	3876	Dependoparvovirus	NS[dependo.1-whippomorpha(+)]-VP[dependo.1-whippomorpha(+)]
dependo.1-Platanista_minor	dependo.1-whippomorpha	1	dependo.1	Platanista_minor	Mammalia	Laurasiatheria	Cetacea	Platanistidae	Platanista	Platanista_minor	low_coverage	PlaMin_v1_BIUU	GCA_004363435.1_PlaMin_v1_BIUU_genomic.fna	RJWK010029324.1	+	11110	14904	translated-genome	513	1032	1646	3214	545	661	66.239	0	1	9	0	3795	Dependoparvovirus	NS[dependo.1-whippomorpha(+)]-VP[dependo.1-whippomorpha(+)]-VP[dependo.1-whippomorpha(+)]
dependo.1-Balaenoptera_bonaerensis	dependo.1-whippomorpha	1	dependo.1	Balaenoptera_bonaerensis	Mammalia	Laurasiatheria	Cetacea	Balaenopteridae	Balaenoptera	Balaenoptera_bonaerensis	low_coverage	ASM97880v1	GCA_000978805.1_ASM97880v1_genomic.fna	DF417164.1	+	13355	17208	translated-genome	601	1032	1966	3270	448	655	76.339	0	1	8	0	3854	Dependoparvovirus	NS[dependo.1-whippomorpha(+)]-VP[dependo.1-whippomorpha(+)]
dependo.1-Kogia_breviceps	dependo.1-whippomorpha	1	dependo.1	Kogia_breviceps	Mammalia	Laurasiatheria	Cetacea	Physeteridae	Kogia	Kogia_breviceps	low_coverage	v1_BIUU	GCA_004363705.1_KogBre_v1_BIUU_genomic.fna	RJWL010008168.1	-	26677	30493	translated-genome	513	977	1661	3076	478	607	68.828	0	1	7	0	3817	Dependoparvovirus	VP[dependo.1-whippomorpha(-)]-VP[dependo.1-whippomorpha(-)]-VP[dependo.1-whippomorpha(-)]-NS[dependo.1-whippomorpha(-)]
dependo.1-Eschrichtius_robustus	dependo.1-whippomorpha	1	dependo.1	Eschrichtius_robustus	Mammalia	Laurasiatheria	Cetacea	Eschrichtiidae	Eschrichtius	Eschrichtius_robustus	low_coverage	ASM218922v1	GCA_002189225.1_ASM218922v1_genomic.fna	NIPP01000049.1	+	530460	534318	translated-genome	779	1032	2512	3276	255	528	98.039	0	1	1	0	3859	Dependoparvovirus	NS[dependo.1-whippomorpha(+)]-VP[dependo.1-whippomorpha(+)]
dependo.1-Physeter_catodon	dependo.1-whippomorpha	1	dependo.1	Physeter_catodon	Mammalia	Laurasiatheria	Cetacea	Physeteridae	Physeter	Physeter_catodon	low_coverage	2.0.2	9755_ref_Physeter_macrocephalus-2.0.2_chrUn.fa	gi|589812348|ref|NW_006724242.1|	+	675501	679319	translated-genome	623	977	1992	3077	367	483	73.297	0	1	6	0	3819	Dependoparvovirus	NS[dependo.1-whippomorpha(+)]-VP[dependo.1-whippomorpha(+)]
dependo.1-Delphinapterus_leucas	dependo.1-whippomorpha	1	dependo.1	Delphinapterus_leucas	Mammalia	Laurasiatheria	Cetacea	Monodontidae	Delphinapterus	Delphinapterus_leucas	low_coverage	ASM228892v2	GCF_002288925.1_ASM228892v2_genomic.fna	NW_019160921.1	-	9149141	9153246	translated-genome	779	1013	2606	3313	236	476	94.915	0	1	1	0	4106	Dependoparvovirus	VP[dependo.1-whippomorpha(-)]-VP[dependo.1-whippomorpha(-)]-NS[dependo.1-whippomorpha(-)]-Rep78[dependo.XX-Inia(-)]
dependo.1-Ziphius_cavirostris	dependo.1-whippomorpha	1	dependo.1	Ziphius_cavirostris	Mammalia	Laurasiatheria	Cetacea	Ziphiidae	Ziphius	Ziphius_cavirostris	low_coverage	ZipCav_v1_BIUU	GCA_004364475.1_ZipCav_v1_BIUU_genomic.fna	RJWS010040757.1	+	4474	8537	translated-genome	779	1013	2526	3233	236	473	94.068	0	1	1	0	4064	Dependoparvovirus	NS[dependo.1-whippomorpha(+)]-VP[dependo.1-whippomorpha(+)]-VP[dependo.1-whippomorpha(+)]
dependo.1-Monodon_monoceros	dependo.1-whippomorpha	1	dependo.1	Monodon_monoceros	Mammalia	Laurasiatheria	Cetacea	Monodontidae	Monodon	Monodon_monoceros	low_coverage	NGI_Narwhal_1	GCA_005190385.2_NGI_Narwhal_1_genomic.fna	SIHG01006968.1	+	77665785	77669894	translated-genome	779	1013	2607	3314	236	472	93.644	0	1	1	0	4110	Dependoparvovirus	Rep78[dependo.XX-Inia(+)]-NS[dependo.1-whippomorpha(+)]-VP[dependo.1-whippomorpha(+)]-VP[dependo.1-whippomorpha(+)]
dependo.1-Monodon_monoceros	dependo.1-whippomorpha	1	dependo.1	Monodon_monoceros	Mammalia	Laurasiatheria	Cetacea	Monodontidae	Monodon	Monodon_monoceros	low_coverage	MonMon_v1	GCA_004027045.1_MonMon_v1_BIUU_genomic.fna	PVJF01006520.1	-	67783	71892	translated-genome	779	1013	2607	3314	236	472	93.644	0	1	1	0	4110	Dependoparvovirus	VP[dependo.1-whippomorpha(-)]-VP[dependo.1-whippomorpha(-)]-NS[dependo.1-whippomorpha(-)]-Rep78[dependo.XX-Inia(-)]
dependo.1-Orcinus_orca	dependo.1-whippomorpha	1	dependo.1	Orcinus_orca	Mammalia	Laurasiatheria	Cetacea	Delphinidae	Orcinus	Orcinus_orca	low_coverage	ncbi_ANOL02_jan_2013	ANOL02.fasta_13.fa	gi|442705876|gb|ANOL02028540.1|	+	31875	36047	translated-genome	779	1012	2647	3351	235	467	93.617	0	1	1	0	4173	Dependoparvovirus	Rep78[dependo.XX-Inia(+)]-VP[dependo.1-whippomorpha(+)]-VP[dependo.1-whippomorpha(+)]
dependo.1-Tursiops_aduncus	dependo.1-whippomorpha	1	dependo.1	Tursiops_aduncus	Mammalia	Laurasiatheria	Cetacea	Delphinidae	Tursiops	Tursiops_aduncus	low_coverage	ASM322739v1	GCA_003227395.1_ASM322739v1_genomic.fna	NCQN01000043.1	+	1187016	1191115	translated-genome	779	1012	2587	3291	235	467	93.617	0	1	1	0	4100	Dependoparvovirus	Rep78[dependo.XX-Inia(+)]-Rep78[dependo.XX-Inia(+)]-VP[dependo.1-whippomorpha(+)]
dependo.1-Tursiops_truncatus	dependo.1-whippomorpha	1	dependo.1	Tursiops_truncatus	Mammalia	Laurasiatheria	Cetacea	Delphinidae	Tursiops	Tursiops_truncatus	low_coverage	goldenpath_turTru2	turTru2.fa	JH472581	-	124623	128768	translated-genome	779	1012	2636	3340	235	466	93.617	0	1	1	0	4146	Dependoparvovirus	VP[dependo.1-whippomorpha(-)]-VP[dependo.1-whippomorpha(-)]-Rep78[dependo.XX-Inia(-)]
dependo.1-Globicephala_melas	dependo.1-whippomorpha	1	dependo.1	Globicephala_melas	Mammalia	Laurasiatheria	Cetacea	Delphinidae	Globicephala	Globicephala_melas	low_coverage	ASM654740v1	GCA_006547405.1_ASM654740v1_genomic.fna	ML658845.1	+	2545456	2549517	translated-genome	779	1012	2556	3260	235	466	93.617	0	1	1	0	4062	Dependoparvovirus	Rep78[dependo.XX-Inia(+)]-VP[dependo.1-whippomorpha(+)]-VP[dependo.1-whippomorpha(+)]
dependo.1-Phocoena_phocoena	dependo.1-whippomorpha	1	dependo.1	Phocoena_phocoena	Mammalia	Laurasiatheria	Cetacea	Phocoenidae	Phocoena	Phocoena_phocoena	low_coverage	GCA_003071005	GCA_003071005.1_ASM307100v1_genomic.fna	PKGA01132905.1	+	1807844	1811316	translated-genome	779	1012	1986	2690	235	465	93.191	0	1	1	0	3473	Dependoparvovirus	NS[dependo.1-whippomorpha(+)]-VP[dependo.1-whippomorpha(+)]-VP[dependo.1-whippomorpha(+)]
dependo.1-Mesoplodon_bidens	dependo.1-whippomorpha	1	dependo.1	Mesoplodon_bidens	Mammalia	Laurasiatheria	Cetacea	Ziphiidae	Mesoplodon	Mesoplodon_bidens	low_coverage	MesBid_v1	GCA_004027085.1_MesBid_v1_BIUU_genomic.fna	PVJJ010002729.1	+	36995	41087	translated-genome	601	1013	1978	3225	429	464	61.072	1.97	143	7	0	4093	Dependoparvovirus	NS[dependo.1-whippomorpha(+)]-VP[dependo.1-whippomorpha(+)]-VP[dependo.1-whippomorpha(+)]-VP[dependo.1-whippomorpha(+)]
dependo.1-Inia_geoffrensis	dependo.1-whippomorpha	1	dependo.1	Inia_geoffrensis	Mammalia	Laurasiatheria	Cetacea	Iniidae	Inia	Inia_geoffrensis	low_coverage	IniGeo_v1_BIUU	GCA_004363515.1_IniGeo_v1_BIUU_genomic.fna	RJWO010002031.1	-	86509	90690	translated-genome	779	1013	2685	3392	236	462	93.22	1.44	179	1	0	4182	Dependoparvovirus	VP[dependo.1-whippomorpha(-)]-VP[dependo.1-whippomorpha(-)]-Rep78[dependo.XX-Inia(-)]
dependo.1-Neophocaena_asiaeorientalis	dependo.1-whippomorpha	1	dependo.1	Neophocaena_asiaeorientalis	Mammalia	Laurasiatheria	Cetacea	Phocoenidae	Neophocaena	Neophocaena_asiaeorientalis	low_coverage	V1	GCF_003031525.1_Neophocaena_asiaeorientalis_V1_genomic.fna	NW_020175027.1	+	3229818	3233759	translated-genome	162	411	540	1325	272	305	63.603	5.18	139	5	0	3942	Dependoparvovirus	NS[dependo.1-whippomorpha(+)]-VP[dependo.1-whippomorpha(+)]-VP[dependo.1-whippomorpha(+)]
dependo.1-Lagenorhynchus_obliquidens	dependo.1-whippomorpha	1	dependo.1	Lagenorhynchus_obliquidens	Mammalia	Laurasiatheria	Cetacea	Delphinidae	Lagenorhynchus	Lagenorhynchus_obliquidens	low_coverage	ASM367639v1	GCF_003676395.1_ASM367639v1_genomic.fna	NW_020837951.1	-	35652981	35657093	translated-genome	892	1012	2938	3303	122	239	92.623	0	1	1	0	4113	Dependoparvovirus	VP[dependo.1-whippomorpha(-)]-VP[dependo.1-whippomorpha(-)]-Rep78[dependo.XX-Inia(-)]-Rep78[dependo.XX-Inia(-)]
dependo.1-Hippopotamus_amphibius	dependo.1-whippomorpha	1	dependo.1	Hippopotamus_amphibius	Mammalia	Laurasiatheria	Unclassified	Hippopotamidae	Hippopotamus	Hippopotamus_amphibius	low_coverage	ASM299558v1	GCA_002995585.1_ASM299558v1_genomic.fna	NKPW01001970.1	-	58998	62816	translated-genome	1039	1201	2918	3406	163	227	66.871	0	1	0	0	3819	Dependoparvovirus	VP[dependo.1-whippomorpha(-)]-VP[dependo.XX-hippopotammus(-)]-NS[dependo.1-whippomorpha(-)]
dependo.2-Eptesicus_fuscus	dependo.2-vespertilionidae	2	dependo.2	Eptesicus_fuscus	Mammalia	Laurasiatheria	Chiroptera	Vespertilionidae	Eptesicus	Eptesicus_fuscus	low_coverage	broad_1.0_april_2013	Eptesicus_f.unplaced.scaf.fa_17.fa	gi|411115880|gb|JH977683.1|	+	1718232	1722570	translated-genome	1	995	4	2988	1042	1035	59.213	0	1	17	0	4339	Dependoparvovirus	NS[dependo.2-vespertilionidae(+)]
dependo.2-Lasiurus_borealis	dependo.2-vespertilionidae	2	dependo.2	Lasiurus_borealis	Mammalia	Laurasiatheria	Chiroptera	Vespertilionidae	Lasiurus	Lasiurus_borealis	low_coverage	LasBor_v1	GCA_004026805.1_LasBor_v1_BIUU_genomic.fna	PVJN01009107.1	+	7645	12178	translated-genome	105	673	302	2005	579	837	75.648	0	1	6	0	4534	Dependoparvovirus	NS[dependo.2-vespertilionidae(+)]-VP[dependo.2-vespertilionidae(+)]-VP[dependo.2-vespertilionidae(+)]
dependo.2-Myotis_brandtii	dependo.2-vespertilionidae	2	dependo.2	Myotis_brandtii	Mammalia	Laurasiatheria	Chiroptera	Vespertilionidae	Myotis	Myotis_brandtii	low_coverage	ncbi_100_2013	mbr_ref_ASM41265v1_chrUn.fa	gi|549497831|ref|NW_005366109.1|	-	2423423	2427771	translated-genome	227	649	695	1960	426	698	82.394	0	1	3	0	4349	Dependoparvovirus	NS[dependo.2-vespertilionidae(-)]
dependo.2-Murina_aurata_feae	dependo.2-vespertilionidae	2	dependo.2	Murina_aurata_feae	Mammalia	Laurasiatheria	Chiroptera	Vespertilionidae	Murina	Murina_aurata_feae	low_coverage	MurFea_v1	GCA_004026665.1_MurFea_v1_BIUU_genomic.fna	PVJC01011345.1	+	28905	33400	translated-genome	227	646	910	2139	421	638	76.01	0	1	3	0	4496	Dependoparvovirus	NS[dependo.2-vespertilionidae(+)]-VP[dependo.2-vespertilionidae(+)]
dependo.2-Myotis_lucifugus	dependo.2-vespertilionidae	2	dependo.2	Myotis_lucifugus	Mammalia	Laurasiatheria	Chiroptera	Vespertilionidae	Myotis	Myotis_lucifugus	low_coverage	goldenpath_myoLuc2	myoLuc2.fa	GL430312	-	465565	469844	translated-genome	378	656	1145	1981	279	556	94.265	0	1	0	0	4280	Dependoparvovirus	NS[dependo.2-vespertilionidae(-)]
dependo.2-Antrozous_pallidus	dependo.2-vespertilionidae	2	dependo.2	Antrozous_pallidus	Mammalia	Laurasiatheria	Chiroptera	Vespertilionidae	Antrozous	Antrozous_pallidus	low_coverage	AntPal_v1_BIUU	GCA_007922775.1_AntPal_v1_BIUU_genomic.fna	VMDP01009643.1	+	23666	27986	translated-genome	416	889	1252	2667	482	534	63.693	0	1	4	0	4321	Dependoparvovirus	NS[dependo.2-vespertilionidae(+)]-VP[dependo.2-vespertilionidae(+)]
dependo.2-Myotis_davidii	dependo.2-vespertilionidae	2	dependo.2	Myotis_davidii	Mammalia	Laurasiatheria	Chiroptera	Vespertilionidae	Myotis	Myotis_davidii	low_coverage	bgi_1.1_april_2013	Myotis_dav_unplaced.scaf.fa_25.fa	gi|432086621|gb|KB116268.1|	+	746140	750699	translated-genome	395	656	1480	2265	262	494	90.458	0	1	0	0	4560	Dependoparvovirus	VP[dependo.2-vespertilionidae(+)]
dependo.2-Pipistrellus_pipistrellus	dependo.2-vespertilionidae	2	dependo.2	Pipistrellus_pipistrellus	Mammalia	Laurasiatheria	Chiroptera	Vespertilionidae	Pipistrellus	Pipistrellus_pipistrellus	low_coverage	PipPip_v1	GCA_004026625.1_PipPip_v1_BIUU_genomic.fna	PVIQ01043641.1	-	4900	8313	translated-genome	289	625	13	1011	363	390	61.157	9.49	119	7	0	3414	Dependoparvovirus	NS[dependo.2-vespertilionidae(-)]
dependo.2-Nycticeius_humeralis	dependo.2-vespertilionidae	2	dependo.2	Nycticeius_humeralis	Mammalia	Laurasiatheria	Chiroptera	Vespertilionidae	Nycticeius	Nycticeius_humeralis	low_coverage	NycHum_v1_BIUU	GCA_007922795.1_NycHum_v1_BIUU_genomic.fna	VMDQ010050549.1	-	2939	5799	translated-genome	227	410	682	1239	186	259	73.118	1.15	168	1	0	2861	Dependoparvovirus	NS[dependo.2-vespertilionidae(-)]
dependo.3-Lepus_timidus	dependo.3-lagomorpha	3	dependo.3	Lepus_timidus	Mammalia	Euarchontoglires	Lagomorpha	Leporidae	Lepus	Lepus_timidus	low_coverage	GCA_009760805	GCA_009760805.1_CIBIO-ISEM_LeTim_1.1_genomic.fna	CM019678.1	-	6041389	6044512	translated-genome	25	699	463	2505	710	1023	79.859	0	1	10	0	3124	Dependoparvovirus	NS[dependo.3-lagomorpha(-)]
dependo.3-Lepus_americanus	dependo.3-lagomorpha	3	dependo.3	Lepus_americanus	Mammalia	Euarchontoglires	Lagomorpha	Leporidae	Lepus	Lepus_americanus	low_coverage	LepAme_v1_BIUU	GCA_004026855.1_LepAme_v1_BIUU_genomic.fna	PVJM010047690.1	+	2374	5500	translated-genome	25	699	460	2508	725	961	76.966	0	1	12	0	3127	Dependoparvovirus	NS[dependo.3-lagomorpha(+)]
dependo.3-Oryctolagus_cuniculus	dependo.3-lagomorpha	3	dependo.3	Oryctolagus_cuniculus	Mammalia	Euarchontoglires	Lagomorpha	Leporidae	Oryctolagus	Oryctolagus_cuniculus	complete	goldenpath_oryCun2	oryCun2.fa	chr10	-	8292094	8295947	translated-genome	25	488	436	1848	481	697	77.131	0	1	7	0	3854	Dependoparvovirus	VP[REF_Dependo_AAV5(-)]-NS[dependo.3-lagomorpha(-)]
dependo.3-Ochotona_princeps	dependo.3-lagomorpha	3	dependo.3	Ochotona_princeps	Mammalia	Euarchontoglires	Lagomorpha	Ochotonidae	Ochotona	Ochotona_princeps	complete	goldenpath_ochPri3	ochPri3.fa_2.fa	JH802073	+	30948507	30949100	translated-genome	80	282	1	588	214	119	42.523	3.74	33	5	0	594	Dependoparvovirus	NS[dependo.3-lagomorpha(+)]
dependo.4-Dicerorhinus_sumatrensis	dependo.4-rhinocerotidae	4	dependo.4	Dicerorhinus_sumatrensis_sumatrensis	Mammalia	Laurasiatheria	Perissodactyla	Rhinocerotidae	Dicerorhinus	Dicerorhinus_sumatrensis_sumatrensis	low_coverage	ASM284483v1	GCA_002844835.1_ASM284483v1_genomic.fna	PEKH010002164.1	+	1427337	1431241	translated-genome	780	1331	2244	3905	562	902	82.028	0	1	7	0	3905	Dependoparvovirus	NS[dependo.4-rhinocerotidae(+)]-VP[dependo.4-rhinocerotidae(+)]
dependo.4-Diceros_bicornis	dependo.4-rhinocerotidae	4	dependo.4	Diceros_bicornis	Mammalia	Laurasiatheria	Perissodactyla	Rhinocerotidae	Diceros	Diceros_bicornis	low_coverage	DicBicMic_v1_BIUU	GCA_004027315.1_DicBicMic_v1_BIUU_genomic.fna	PVJY010006244.1	-	98986	102929	translated-genome	1004	1331	2958	3944	329	667	96.657	0	1	1	0	3944	Dependoparvovirus	VP[dependo.4-rhinocerotidae(-)]-NS[dependo.4-rhinocerotidae(-)]
dependo.4-Ceratotherium_simum	dependo.4-rhinocerotidae	4	dependo.4	Ceratotherium_simum	Mammalia	Laurasiatheria	Perissodactyla	Rhinocerotidae	Ceratotherium	Ceratotherium_simum	low_coverage	goldenpath_cerSim1	cerSim1.fa	JH767777	+	15364994	15369034	translated-genome	1004	1207	3056	3673	208	379	87.981	0	1	2	0	4041	Dependoparvovirus	NS[dependo.4-rhinocerotidae(+)]-VP[dependo.4-rhinocerotidae(+)]
dependo.5-Dicerorhinus_sumatrensis	dependo.5-rhinocerotidae	5	dependo.5	Dicerorhinus_sumatrensis_sumatrensis	Mammalia	Laurasiatheria	Perissodactyla	Rhinocerotidae	Dicerorhinus	Dicerorhinus_sumatrensis_sumatrensis	low_coverage	ASM284483v1	GCA_002844835.1_ASM284483v1_genomic.fna	PEKH010003201.1	-	47712	48035	VP	1	93	43	321	93	192	97.849	2.98	67	0	0	324	Dependoparvovirus	VP[dependo.5-rhinocerotidae(-)]
dependo.5-Ceratotherium_simum	dependo.5-rhinocerotidae	5	dependo.5	Ceratotherium_simum	Mammalia	Laurasiatheria	Perissodactyla	Rhinocerotidae	Ceratotherium	Ceratotherium_simum	low_coverage	goldenpath_cerSim1	cerSim1.fa	JH767727	-	28719851	28720174	VP	2	93	46	321	92	176	92.391	5.36	61	0	0	324	Dependoparvovirus	VP[dependo.5-rhinocerotidae(-)]
dependo.5-Diceros_bicornis	dependo.5-rhinocerotidae	5	dependo.5	Diceros_bicornis	Mammalia	Laurasiatheria	Perissodactyla	Rhinocerotidae	Diceros	Diceros_bicornis	low_coverage	DicBicMic_v1_BIUU	GCA_004027315.1_DicBicMic_v1_BIUU_genomic.fna	PVJY010007373.1	-	53378	53752	VP	2	93	97	372	92	175	91.304	2.86	60	0	0	375	Dependoparvovirus	VP[dependo.5-rhinocerotidae(-)]
dependo.6-Loxodonta_africana	dependo.6-elephas	6	dependo.6	Loxodonta_africana	Mammalia	Afrotheria	Proboscidea	Elephantidae	Loxodonta	Loxodonta_africana	complete	goldenpath_loxAfr3	loxAfr3.fa	scaffold_4	+	61369363	61371114	Rep	1	584	1	1752	584	1207	98.459	0	1	0	0	1752	Dependoparvovirus	NS[dependo.6-elephantidae(+)]
dependo.8-Dasypus_novemcinctus	dependo.8-dasypus	8	dependo.8	Dasypus_novemcinctus	Mammalia	Xenarthra	Cingulata	Dasypodidae	Dasypus	Dasypus_novemcinctus	complete	goldenpath_dasNov3	dasNov3.fa	JH575770	-	698573	699295	VP	1	191	28	600	191	398	99.476	1.03	144	0	0	723	Dependoparvovirus	VP[dependo.8-dasypus(-)]
dependo.9-Procavia_capensis	dependo.9-hyracoidea	9	dependo.9	Procavia_capensis	Mammalia	Afrotheria	Hyracoidea	Procaviidae	Procavia	Procavia_capensis	low_coverage	goldenpath_proCap1	proCap1.fa	scaffold_19252	-	22396	23364	Rep	1	243	43	777	245	460	99.184	1.49	167	1	0	969	Dependoparvovirus	NS[dependo.9-procavia(-)]
dependo.9-Heterohyrax_brucei	dependo.9-hyracoidea	9	dependo.9	Heterohyrax_brucei	Mammalia	Afrotheria	Hyracoidea	Procaviidae	Heterohyrax	Heterohyrax_brucei	low_coverage	HetBruBak_v1_BIUU	GCA_004026845.1_HetBruBak_v1_BIUU_genomic.fna	PVJQ01008376.1	+	40240	42031	Rep	1	243	43	777	245	433	93.878	1.18	152	1	0	1792	Dependoparvovirus	NS[dependo.9-procavia(+)]
dependo.12-Orycteropus_afer	dependo.12-orycteropus	12	dependo.12	Orycteropus_afer	Mammalia	Afrotheria	Tubulidentata	Orycteropodidae	Orycteropus	Orycteropus_afer	low_coverage	broad_v0_2012	O_afer_v0.assembly.fa	scaffold00268	+	4835582	4838424	translated-genome	1	592	1	1794	630	699	67.937	0	1	13	0	2843	Dependoparvovirus	Rep78-VP[dependo.XX-Orycteropus(+)]
dependo.13-Cercocebus_atys	dependo.13-cercopithecidae	13	dependo.13	Cercocebus_atys	Mammalia	Euarchontoglires	Primates	Cercopithecidae	Cercocebus	Cercocebus_atys	low_coverage	ncbi_100_2015	9531_ref_Caty_1.0_chrUn.fa	gi|778128673|ref|NW_012004166.1|	-	1691316	1693695	translated-genome	1	615	1	1845	615	1255	97.236	0	1	0	0	2380	Dependoparvovirus	NS[dependo.13-cercopithecidae(-)]
dependo.13-Papio_anubis	dependo.13-cercopithecidae	13	dependo.13	Papio_anubis	Mammalia	Euarchontoglires	Primates	Cercopithecidae	Papio	Papio_anubis	low_coverage	goldenpath_papAnu2	papAnu2.fa_3.fa	chr3	+	14387629	14390008	translated-genome	1	615	1	1845	615	1244	97.886	0	1	0	0	2380	Dependoparvovirus	NS[dependo.13-cercopithecidae(+)]
dependo.13-Theropithecus_gelada	dependo.13-cercopithecidae	13	dependo.13	Theropithecus_gelada	Mammalia	Euarchontoglires	Primates	Cercopithecidae	Theropithecus	Theropithecus_gelada	low_coverage	Tgel_1.0	GCF_003255815.1_Tgel_1.0_genomic.fna	NC_037670.1	+	30672747	30675126	translated-genome	1	599	1	1797	599	1230	97.663	0	1	0	0	2380	Dependoparvovirus	NS[dependo.13-cercopithecidae(+)]
dependo.14-Mandrillus_sphinx	dependo.14-cercopithecidae	14	dependo.14	Mandrillus_sphinx	Mammalia	Euarchontoglires	Primates	Cercopithecidae	Mandrillus	Mandrillus_sphinx	low_coverage	BGI_mandrill_1.0	GCA_004802615.1_BGI_mandrill_1.0_genomic.fna	SRPC01038205.1	-	29298	30683	Rep	1	453	1	1359	453	929	98.013	0	1	0	0	1386	Dependoparvovirus	NS[dependo.14-cercopithecidae(-)]
dependo.14-Mandrillus_leucophaeus	dependo.14-cercopithecidae	14	dependo.14	Mandrillus_leucophaeus	Mammalia	Euarchontoglires	Primates	Cercopithecidae	Mandrillus	Mandrillus_leucophaeus	low_coverage	Mleu.le_1.0	9568_ref_Mleu.le_1.0_chrUn.fa	gi|786094026|ref|NW_012100098.1|	+	1005873	1007258	Rep	1	453	1	1359	453	926	97.792	0	1	0	0	1386	Dependoparvovirus	NS[dependo.14-cercopithecidae(+)]
dependo.14-Cercocebus_atys	dependo.14-cercopithecidae	14	dependo.14	Cercocebus_atys	Mammalia	Euarchontoglires	Primates	Cercopithecidae	Cercocebus	Cercocebus_atys	low_coverage	ncbi_100_2015	9531_ref_Caty_1.0_chrUn.fa	gi|778117074|ref|NW_012006154.1|	+	2894065	2895450	Rep	1	453	1	1359	453	914	96.689	0	1	0	0	1386	Dependoparvovirus	NS[dependo.14-cercopithecidae(+)]
dependo.14-Papio_anubis	dependo.14-cercopithecidae	14	dependo.14	Papio_anubis	Mammalia	Euarchontoglires	Primates	Cercopithecidae	Papio	Papio_anubis	low_coverage	goldenpath_papAnu2	papAnu2.fa_1.fa	chr11	-	48228901	48230286	Rep	1	453	1	1359	453	890	94.481	0	1	0	0	1386	Dependoparvovirus	NS[dependo.14-cercopithecidae(-)]
dependo.14-Erythrocebus_patas	dependo.14-cercopithecidae	14	dependo.14	Erythrocebus_patas	Mammalia	Euarchontoglires	Primates	Cercopithecidae	Erythrocebus	Erythrocebus_patas	low_coverage	EryPat_v1	GCA_004027335.1_EryPat_v1_BIUU_genomic.fna	PVJV010078729.1	-	3740	4492	Rep	1	251	1	753	251	450	85.657	2.23	161	0	0	753	Dependoparvovirus	NS[dependo.160-Erythrocebus_patas(-)]
dependo.15-Colobus_angolensis_palliatus	dependo.15-colobus	15	dependo.15	Colobus_angolensis_palliatus	Mammalia	Euarchontoglires	Primates	Cercopithecidae	Colobus	Colobus_angolensis_palliatus	low_coverage	ncbi_100_2015	336983_ref_Cang.pa_1.0_chrUn.fa	gi|786079843|ref|NW_012115044.1|	-	2545921	2546379	Rep	1	149	10	456	149	310	100	2.04	112	0	0	459	Dependoparvovirus	NS[dependo.15-colobus(-)]
dependo.16-Canis_lupus_dingo	dependo.16-canid	16	dependo.16	Canis_lupus_dingo	Mammalia	Laurasiatheria	Carnivora	Canidae	Canis	Canis_lupus_dingo	low_coverage	ASM325472v1	GCA_003254725.1_ASM325472v1_genomic.fna	QKWQ01002355.1	+	21722204	21722566	VP	1	121	1	363	121	249	99.174	2.3	89	0	0	363	Dependoparvovirus	VP[dependo.16-canid(+)]
dependo.16-Lycaon_pictus	dependo.16-canid	16	dependo.16	Lycaon_pictus	Mammalia	Laurasiatheria	Carnivora	Canidae	Lycaon	Lycaon_pictus	low_coverage	LycPicSAfr1.0	GCA_001887905.1_LycPicSAfr1.0_genomic.fna	CM007562.1	-	9266116	9266478	VP	1	121	1	363	121	242	96.694	1.99	86	0	0	363	Dependoparvovirus	VP[dependo.16-canid(-)]
dependo.16-Canis_familiaris	dependo.16-canid	16	dependo.16	Canis_familiaris	Mammalia	Laurasiatheria	Carnivora	Canidae	Canis	Canis_familiaris	low_coverage	goldenpath_canFam3	canFam3.fa	chr37	-	9272279	9272599	VP	1	107	1	321	107	223	100	2.03	79	0	0	321	Dependoparvovirus	VP[dependo.16-canid(-)]
dependo.16-Vulpes_lagopus	dependo.16-canid	16	dependo.16	Vulpes_lagopus	Mammalia	Laurasiatheria	Carnivora	Canidae	Vulpes	Vulpes_lagopus	low_coverage	VulLag_v1_BIUU	GCA_004023825.1_VulLag_v1_BIUU_genomic.fna	PISU010002574.1	-	129142	129372	VP	1	77	1	231	77	150	94.805	6.18	51	0	0	231	Dependoparvovirus	VP[dependo.16-canid(-)]
dependo.16-Vulpes_vulpes	dependo.16-canid	16	dependo.16	Vulpes_vulpes	Mammalia	Laurasiatheria	Carnivora	Canidae	Vulpes	Vulpes_vulpes	low_coverage	VulVul2.2	GCA_003160815.1_VulVul2.2_genomic.fna	NBDQ01000042.1	-	5766666	5766896	VP	1	77	1	231	77	148	93.506	4.45	50	0	0	231	Dependoparvovirus	VP[dependo.16-canid(-)]
dependo.23-Vicugna_pacos	dependo.23-camelidae	23	dependo.23	Vicugna_pacos	Mammalia	Laurasiatheria	Unclassified	Camelidae	Vicugna	Vicugna_pacos	low_coverage	goldenpath_vicPac2	vicPac2.fa	KB632691	-	1513590	1514059	VP	1	98	174	467	98	189	92.857	2.27	65	0	0	470	Dependoparvovirus	VP[dependo.23-camelidae(-)]
dependo.23-Lama_glama	dependo.23-camelidae	23	dependo.23	Lama_glama	Mammalia	Laurasiatheria	Unclassified	Camelidae	Lama	Lama_glama	low_coverage	ASM1323958v1	GCA_013239585.1_ASM1323958v1_genomic.fna	MU052497.1	+	154312	154790	VP	1	98	174	467	98	189	92.857	1.98	65	0	0	479	Dependoparvovirus	VP[dependo.23-camelidae(+)]
dependo.23-Camelus_ferus	dependo.23-camelidae	23	dependo.23	Camelus_ferus	Mammalia	Laurasiatheria	Unclassified	Camelidae	Camelus	Camelus_ferus	low_coverage	bacsac_1.0_april_2013	Camelus_f.unplaced.scaf.fa_14.fa	gi|429342667|gb|KB017125.1|	-	3396525	3396958	VP	1	73	210	428	73	152	97.26	7.24	51	0	0	434	Dependoparvovirus	VP[dependo.23-camelidae(-)]
dependo.23-Camelus_dromedarius	dependo.23-camelidae	23	dependo.23	Camelus_dromedarius	Mammalia	Laurasiatheria	Unclassified	Camelidae	Camelus	Camelus_dromedarius	low_coverage	ncbi_GCF_000767585_2015-05-14	9838_ref_PRJNA234474_Ca_dromedarius_V1.0_chrUn.fa	gi|742338961|ref|NW_011591754.1|	-	31379	31899	VP	1	73	297	515	73	152	97.26	2.12	50	0	0	521	Dependoparvovirus	VP[dependo.23-camelidae(-)]
dependo.23-Camelus_bactrianus	dependo.23-camelidae	23	dependo.23	Camelus_bactrianus	Mammalia	Laurasiatheria	Unclassified	Camelidae	Camelus	Camelus_bactrianus	low_coverage	MBC_1.0	9837_ref_Ca_bactrianus_MBC_1.0_chrUn.fa	gi|741191286|ref|NW_011513264.1|	-	554173	554699	VP	1	73	303	521	73	150	95.89	2.09	49	0	0	527	Dependoparvovirus	VP[dependo.23-camelidae(-)]
dependo.26-Prolemur_simus	dependo.26-strepsirrhini	26	dependo.26	Prolemur_simus	Mammalia	Euarchontoglires	Primates	Lemuridae	Prolemur	Prolemur_simus	low_coverage	Prosim_1.0	GCA_003258685.1_Prosim_1.0_genomic.fna	MPIZ01000190.1	+	715416	716234	VP	1	266	22	819	266	536	98.12	0	1	0	0	819	Dependoparvovirus	VP[dependo.26-strepsirrhini(+)]
dependo.26-Eulemur_flavifrons	dependo.26-strepsirrhini	26	dependo.26	Eulemur_flavifrons	Mammalia	Euarchontoglires	Primates	Lemuridae	Eulemur	Eulemur_flavifrons	low_coverage	Eflavifronsk33QCA	GCA_001262665.1_Eflavifronsk33QCA_genomic.fna	LGHW01006933.1	+	8477	9292	VP	1	266	22	816	266	518	95.865	0	1	1	0	816	Dependoparvovirus	VP[dependo.26-strepsirrhini(+)]
dependo.26-Eulemur_macaco	dependo.26-strepsirrhini	26	dependo.26	Eulemur_macaco	Mammalia	Euarchontoglires	Primates	Lemuridae	Eulemur	Eulemur_macaco	low_coverage	Emacaco_refEf	GCA_001262655.1_Emacaco_refEf_BWA_oneround_genomic.fa	LGHX01006817.1	+	8279	9028	VP	16	266	1	750	251	490	96.016	4.38	180	1	0	750	Dependoparvovirus	VP[dependo.26-strepsirrhini(+)]
dependo.26-Eulemur_fulvus	dependo.26-strepsirrhini	26	dependo.26	Eulemur_fulvus	Mammalia	Euarchontoglires	Primates	Lemuridae	Eulemur	Eulemur_fulvus	low_coverage	EulFul_v1	GCA_004027275.1_EulFul_v1_BIUU_genomic.fna	PVJU010024054.1	+	12697	13446	VP	16	266	1	750	251	476	94.422	1.64	174	1	0	750	Dependoparvovirus	VP[dependo.26-strepsirrhini(+)]
dependo.26-Propithecus_coquereli	dependo.26-strepsirrhini	26	dependo.26	Propithecus_coquereli	Mammalia	Euarchontoglires	Primates	Indriidae	Propithecus	Propithecus_coquereli	low_coverage	Pcoq_1.0	379532_ref_Pcoq_1.0_chrUn.fa	gi|808385307|ref|NW_012145313.1|	-	18594	19076	VP	106	266	1	483	161	296	91.304	4.02	105	0	0	483	Dependoparvovirus	VP[dependo.26-strepsirrhini(-)]
dependo.26-Indri_indri	dependo.26-strepsirrhini	26	dependo.26	Indri_indri	Mammalia	Euarchontoglires	Primates	Indriidae	Indri	Indri_indri	low_coverage	IndInd_v1_BIUU	GCA_004363605.1_IndInd_v1_BIUU_genomic.fna	RJWJ010082063.1	-	1014	1493	VP	106	265	1	480	160	296	91.875	4.65	105	0	0	480	Dependoparvovirus	VP[dependo.26-strepsirrhini(-)]
dependo.26-Propithecus_coquereli	dependo.26-strepsirrhini	26	dependo.26	Propithecus_coquereli	Mammalia	Euarchontoglires	Primates	Indriidae	Propithecus	Propithecus_coquereli	low_coverage	Pcoq_1.0	379532_ref_Pcoq_1.0_chrUn.fa	gi|808384653|ref|NW_012145967.1|	-	4720837	4721319	VP	106	265	1	480	160	295	91.25	1.63	104	0	0	483	Dependoparvovirus	VP[dependo.26-strepsirrhini(-)]
dependo.26-Daubentonia_madagascariensis	dependo.26-strepsirrhini	26	dependo.26	Daubentonia_madagascariensis	Mammalia	Euarchontoglires	Primates	Daubentoniidae	Daubentonia	Daubentonia_madagascariensis	low_coverage	DauMad_v1_BIUU	GCA_004027145.1_DauMad_v1_BIUU_genomic.fna	PVJZ01000851.1	+	63400	63858	VP	114	266	1	459	153	250	84.314	3.55	87	0	0	459	Dependoparvovirus	VP[dependo.26-strepsirrhini(+)]
dependo.26-Indri_indri	dependo.26-strepsirrhini	26	dependo.26	Indri_indri	Mammalia	Euarchontoglires	Primates	Indriidae	Indri	Indri_indri	low_coverage	IndInd_v1_BIUU	GCA_004363605.1_IndInd_v1_BIUU_genomic.fna	RJWJ010089137.1	+	2800	3212	VP	158	265	90	413	108	178	85.185	4.22	59	0	0	413	Dependoparvovirus	VP[dependo.26-strepsirrhini(+)]
dependo.27-Eulemur_macaco	dependo.27-eulemur	27	dependo.27	Eulemur_macaco	Mammalia	Euarchontoglires	Primates	Lemuridae	Eulemur	Eulemur_macaco	low_coverage	Emacaco_refEf	GCA_001262655.1_Emacaco_refEf_BWA_oneround_genomic.fa	LGHX01005234.1	-	139401	141329	Rep	1	643	1	1929	643	1210	100	0	1	0	0	1929	Dependoparvovirus	NS[dependo.27-eulemur(-)]
dependo.27-Eulemur_flavifrons	dependo.27-eulemur	27	dependo.27	Eulemur_flavifrons	Mammalia	Euarchontoglires	Primates	Lemuridae	Eulemur	Eulemur_flavifrons	low_coverage	Eflavifronsk33QCA	GCA_001262665.1_Eflavifronsk33QCA_genomic.fna	LGHW01005313.1	-	140526	142454	Rep	1	643	1	1929	643	1195	99.222	0	1	0	0	1929	Dependoparvovirus	NS[dependo.27-eulemur(-)]
dependo.27-Eulemur_fulvus	dependo.27-eulemur	27	dependo.27	Eulemur_fulvus	Mammalia	Euarchontoglires	Primates	Lemuridae	Eulemur	Eulemur_fulvus	low_coverage	EulFul_v1	GCA_004027275.1_EulFul_v1_BIUU_genomic.fna	PVJU010013730.1	+	9126	10980	Rep	58	524	162	1571	470	807	86.17	0	1	1	0	1855	Dependoparvovirus	NS[dependo.27-eulemur(+)]
dependo.28-Daubentonia_madagascariensis	dependo.28-daubentonia	28	dependo.28	Daubentonia_madagascariensis	Mammalia	Euarchontoglires	Primates	Daubentoniidae	Daubentonia	Daubentonia_madagascariensis	low_coverage	DauMad_v1_BIUU	GCA_004027145.1_DauMad_v1_BIUU_genomic.fna	PVJZ01000109.1	-	755660	759731	translated-genome	762	1351	2300	4072	591	1047	95.431	0	1	1	0	4072	Dependoparvovirus	VP[dependo.1-whippomorpha(-)]-NS[dependo.28-daubentonia(-)]
dependo.36-Macrotus_californicus	dependo.36-phyllostomidae	36	dependo.36	Macrotus_californicus	Mammalia	Laurasiatheria	Chiroptera	Phyllostomidae	Macrotus	Macrotus_californicus	low_coverage	MacCal_v1_BIUU	GCA_007922815.1_MacCal_v1_BIUU_genomic.fna	VMDR010006300.1	+	25943	29231	translated-genome	472	1287	818	3289	851	910	62.397	0	1	16	0	3289	Dependoparvovirus	NS[dependo.39-phyllostomidae(+)]-VP[dependo.1-whippomorpha(+)]
dependo.36-Tonatia_saurophila	dependo.36-phyllostomidae	36	dependo.36	Tonatia_saurophila	Mammalia	Laurasiatheria	Chiroptera	Phyllostomidae	Tonatia	Tonatia_saurophila	low_coverage	TonSau_v1_BIUU	GCA_004024845.1_TonSau_v1_BIUU_genomic.fna	PVIA01007828.1	+	30275	34119	translated-genome	218	981	639	2924	793	735	59.142	0	1	18	0	3845	Dependoparvovirus	NS[dependo.39-phyllostomidae(+)]-VP[dependo.XX-tonatia(+)]
dependo.36-Carollia_perspicillata	dependo.36-phyllostomidae	36	dependo.36	Carollia_perspicillata	Mammalia	Laurasiatheria	Chiroptera	Phyllostomidae	Carollia	Carollia_perspicillata	low_coverage	CarPer_v1_BIUU	GCA_004027735.1_CarPer_v1_BIUU_genomic.fna	PVKM010009701.1	-	28621	31704	translated-genome	818	1202	1674	2828	392	527	69.898	0	1	7	0	3084	Dependoparvovirus	VP[dependo.1-whippomorpha(-)]-NS[dependo.39-phyllostomidae(-)]
dependo.36-Micronycteris_hirsuta	dependo.36-phyllostomidae	36	dependo.36	Micronycteris_hirsuta	Mammalia	Laurasiatheria	Chiroptera	Phyllostomidae	Micronycteris	Micronycteris_hirsuta	low_coverage	MicHir_v1	GCA_004026765.1_MicHir_v1_BIUU_genomic.fna	PVJI01002842.1	-	74891	78655	translated-genome	574	964	1481	2638	395	446	68.354	0	1	7	0	3765	Dependoparvovirus	VP[dependo.1-whippomorpha(-)]-VP[dependo.XX-Micronycteris(-)]-NS[dependo.86-chiroptera(-)]
dependo.36-Phyllostomus_discolor	dependo.36-phyllostomidae	36	dependo.36	Phyllostomus_discolor	Mammalia	Laurasiatheria	Chiroptera	Phyllostomidae	Phyllostomus	Phyllostomus_discolor	low_coverage	mPhyDis1_v1	GCA_004115245.1_mPhyDis1_v1.h_genomic.fna	RXPB01010460.1	+	291017	294964	translated-genome	210	456	631	1440	278	340	66.187	0	1	5	0	3948	Dependoparvovirus	NS[dependo.86-chiroptera(+)]-VP[dependo.XX-tonatia(+)]-VP[dependo.XX-tonatia(+)]
dependo.36-Anoura_caudifer	dependo.36-phyllostomidae	36	dependo.36	Anoura_caudifer	Mammalia	Laurasiatheria	Chiroptera	Phyllostomidae	Anoura	Anoura_caudifer	low_coverage	AnoCau_v1_BIUU	GCA_004027475.1_AnoCau_v1_BIUU_genomic.fna	PVKU01007968.1	-	71190	74489	translated-genome	634	818	1509	2063	185	325	92.432	0	1	0	0	3300	Dependoparvovirus	VP[dependo.XX-tonatia(-)]-NS[dependo.32-chiroptera(-)]
dependo.36-Pteronotus_parnellii	dependo.36-phyllostomidae	36	dependo.36	Pteronotus_parnellii	Mammalia	Laurasiatheria	Chiroptera	Mormoopidae	Pteronotus	Pteronotus_parnellii	low_coverage	ncbi_AWGZ00000000.1_2015-05	AWGZ01.2.fsa_nt.fa	gi|539829657|gb|AWGZ01236380.1|	+	1218	3113	translated-genome	1006	1181	1042	1584	184	230	69.565	0	1	5	0	1896	Dependoparvovirus	VP[dependo.XX-Micronycteris(+)]-VP[dependo.XX-Pteronotus(+)]
dependo.37-Rhinolophus_sinicus	dependo.37-rhinolophus	37	dependo.37	Rhinolophus_sinicus	Mammalia	Laurasiatheria	Chiroptera	Rhinolophidae	Rhinolophus	Rhinolophus_sinicus	low_coverage	ASM188883v1	GCF_001888835.1_ASM188883v1_genomic.fna	NW_017739794.1	-	114865	118706	translated-genome	720	1060	2546	3574	343	716	98.834	0	1	1	0	3842	Dependoparvovirus	VP[dependo.35-vespertilionidae(-)]-NS[dependo.35-vespertilionidae(-)]
dependo.37-Rhinolophus_ferrumequinum	dependo.37-rhinolophus	37	dependo.37	Rhinolophus_ferrumequinum	Mammalia	Laurasiatheria	Chiroptera	Rhinolophidae	Rhinolophus	Rhinolophus_ferrumequinum	low_coverage	ncbi_AWHA00000000.1_2015-05	AWHA01.3.fsa_nt.fa	gi|539420557|gb|AWHA01190250.1|	+	1712	3874	translated-genome	2	360	103	1284	399	437	62.907	7.83	166	8	0	2163	Dependoparvovirus	NS[dependo.35-vespertilionidae(+)]
dependo.37-Rhinolophus_ferrumequinum	dependo.37-rhinolophus	37	dependo.37	Rhinolophus_ferrumequinum	Mammalia	Laurasiatheria	Chiroptera	Rhinolophidae	Rhinolophus	Rhinolophus_ferrumequinum	low_coverage	ncbi_AWHA00000000.1_2015-05	AWHA01.3.fsa_nt.fa	gi|539420556|gb|AWHA01190251.1|	+	199	1378	translated-genome	644	796	37	504	156	261	83.974	5.29	126	3	0	1180	Dependoparvovirus	VP[dependo.35-vespertilionidae(+)]
dependo.40-Phyllostomus_discolor	dependo.40-phyllostomidae	40	dependo.40	Phyllostomus_discolor	Mammalia	Laurasiatheria	Chiroptera	Phyllostomidae	Phyllostomus	Phyllostomus_discolor	low_coverage	mPhyDis1_v1	GCA_004115245.1_mPhyDis1_v1.h_genomic.fna	RXPB01009965.1	-	47532	50801	translation	1	1090	1	3270	1090	2132	100	0	1	0	0	3270	Dependoparvovirus	VP[dependo.XX-desmodus(-)]-NS[dependo.86-chiroptera(-)]
dependo.40-Pteronotus_parnellii	dependo.40-phyllostomidae	40	dependo.40	Pteronotus_parnellii	Mammalia	Laurasiatheria	Chiroptera	Mormoopidae	Pteronotus	Pteronotus_parnellii	low_coverage	ncbi_AWGZ00000000.1_2015-05	AWGZ01.2.fsa_nt.fa	gi|539840960|gb|AWGZ01225077.1|	-	1280	5313	translated-genome	723	1130	2188	3411	408	825	100	0	1	0	0	4034	Dependoparvovirus	VP[dependo.31-chiroptera(-)]-VP[dependo.4-rhinocerotidae(-)]-NS[dependo.28-daubentonia(-)]
dependo.40-Anoura_caudifer	dependo.40-phyllostomidae	40	dependo.40	Anoura_caudifer	Mammalia	Laurasiatheria	Chiroptera	Phyllostomidae	Anoura	Anoura_caudifer	low_coverage	AnoCau_v1_BIUU	GCA_004027475.1_AnoCau_v1_BIUU_genomic.fna	PVKU01001227.1	-	312771	315833	translation	200	1022	607	3063	847	822	61.275	0	1	12	0	3063	Dependoparvovirus	VP[dependo.XX-desmodus(-)]-NS[dependo.40-phyllostomidae(-)]
dependo.40-Carollia_perspicillata	dependo.40-phyllostomidae	40	dependo.40	Carollia_perspicillata	Mammalia	Laurasiatheria	Chiroptera	Phyllostomidae	Carollia	Carollia_perspicillata	low_coverage	CarPer_v1_BIUU	GCA_004027735.1_CarPer_v1_BIUU_genomic.fna	PVKM010047255.1	-	8525	11485	translation	700	1077	1795	2934	402	407	59.95	0	1	8	0	2961	Dependoparvovirus	VP[dependo.XX-desmodus(-)]-NS[dependo.40-phyllostomidae(-)]
dependo.40-Macrotus_californicus	dependo.40-phyllostomidae	40	dependo.40	Macrotus_californicus	Mammalia	Laurasiatheria	Chiroptera	Phyllostomidae	Macrotus	Macrotus_californicus	low_coverage	MacCal_v1_BIUU	GCA_007922815.1_MacCal_v1_BIUU_genomic.fna	VMDR010051664.1	+	3395	6086	translation	649	961	1278	2219	315	354	63.175	0	1	2	0	2692	Dependoparvovirus	NS[dependo.40-phyllostomidae(+)]-VP[dependo.XX-desmodus(+)]
dependo.40-Mormoops_blainvillei	dependo.40-phyllostomidae	40	dependo.40	Mormoops_blainvillei	Mammalia	Laurasiatheria	Chiroptera	Mormoopidae	Mormoops	Mormoops_blainvillei	low_coverage	MorMeg_v1	GCA_004026545.1_MorMeg_v1_BIUU_genomic.fna	PVJD01000288.1	+	295878	297671	Rep	151	344	1051	1644	198	279	75.758	6.16	91	2	0	1794	Dependoparvovirus	NS[dependo.32-chiroptera(+)]-NS[dependo.86-chiroptera(+)]
dependo.40-Mormoops_blainvillei	dependo.40-phyllostomidae	40	dependo.157	Mormoops_blainvillei	Mammalia	Laurasiatheria	Chiroptera	Mormoopidae	Mormoops	Mormoops_blainvillei	low_coverage	MorMeg_v1	GCA_004026545.1_MorMeg_v1_BIUU_genomic.fna	PVJD01001646.1	+	228360	236911	translated-genome	372	506	1146	1550	135	246	100	0	1	0	0	8552	Dependoparvovirus	NS[dependo.4-rhinocerotidae(+)]-VP[dependo.28-daubentonia(+)]-VP[dependo.4-rhinocerotidae(+)]
dependo.42-Chinchilla_lanigera	dependo.42-chinchilla	42	dependo.42	Chinchilla_lanigera	Mammalia	Euarchontoglires	Rodentia	Chinchillidae	Chinchilla	Chinchilla_lanigera	low_coverage	broad_v0_2012	C_lanigera_v0.assembly.fasta_15.fa	scaffold00050	-	18094480	18095979	Rep	1	479	7	1464	486	985	98.56	0	1	1	0	1500	Dependoparvovirus	NS[dependo.42-chinchilla(-)]
dependo.43-Octodon_degus	dependo.43-octodon	43	dependo.43	Octodon_degus	Mammalia	Euarchontoglires	Rodentia	Octodontidae	Octodon	Octodon_degus	low_coverage	broad_1.0_july_2012	O_degus_v0.assembly.fasta_15.fa	scaffold00064	+	8427673	8429187	Rep	1	498	7	1506	500	1010	99.6	0	1	2	0	1515	Dependoparvovirus	NS[dependo.43-octodon(+)]
dependo.43-Erethizon_dorsatum	dependo.43-octodon	43	dependo.43	Erethizon_dorsatum	Mammalia	Euarchontoglires	Rodentia	Erethizontidae	Erethizon	Erethizon_dorsatum	low_coverage	GSC_porc_1.0	GCA_006547115.1_GSC_porc_1.0_genomic.fna	ML655423.1	-	14232217	14233737	Rep	1	492	7	1488	494	841	83.603	0	1	2	0	1521	Dependoparvovirus	NS[dependo.43-octodon(-)]
dependo.43-Ctenomys_sociabilis	dependo.43-octodon	43	dependo.43	Ctenomys_sociabilis	Mammalia	Euarchontoglires	Rodentia	Ctenomyidae	Ctenomys	Ctenomys_sociabilis	low_coverage	CteSoc_v1	GCA_004027165.1_CteSoc_v1_BIUU_genomic.fna	PVKA01101974.1	-	1	1203	Rep	1	397	7	1203	399	697	85.965	0	1	2	0	1203	Dependoparvovirus	NS[dependo.43-octodon(-)]
dependo.43-Cuniculus_paca	dependo.43-octodon	43	dependo.43	Cuniculus_paca	Mammalia	Euarchontoglires	Rodentia	Cuniculidae	Cuniculus	Cuniculus_paca	low_coverage	CunPac_v1_BIUU	GCA_004365215.1_CunPac_v1_BIUU_genomic.fna	RJWT010357308.1	-	3	1205	Rep	2	384	10	1155	385	526	72.208	0	1	5	0	1203	Dependoparvovirus	NS[dependo.43-octodon(-)]
dependo.43-Ctenomys_sociabilis	dependo.43-octodon	43	dependo.43	Ctenomys_sociabilis	Mammalia	Euarchontoglires	Rodentia	Ctenomyidae	Ctenomys	Ctenomys_sociabilis	low_coverage	CteSoc_v1	GCA_004027165.1_CteSoc_v1_BIUU_genomic.fna	PVKA01046337.1	-	14471	14995	Rep	332	492	1	483	161	286	84.472	7.05	98	0	0	525	Dependoparvovirus	Rep78[dependo.XX-Ctenomys_sociabilis(-)]
dependo.43-Petromus_typicus	dependo.43-octodon	43	dependo.43	Petromus_typicus	Mammalia	Euarchontoglires	Rodentia	Petromuridae	Petromus	Petromus_typicus	low_coverage	PetTyp_v1_BIUU	GCA_004026965.1_PetTyp_v1_BIUU_genomic.fna	PVIR01059760.1	-	5218	5814	Rep	325	492	37	561	175	260	72.571	2.19	87	1	0	597	Dependoparvovirus	NS[dependo.43-octodon(-)]
dependo.43-Ctenomys_sociabilis	dependo.43-octodon	43	dependo.43	Ctenomys_sociabilis	Mammalia	Euarchontoglires	Rodentia	Ctenomyidae	Ctenomys	Ctenomys_sociabilis	low_coverage	CteSoc_v1	GCA_004027165.1_CteSoc_v1_BIUU_genomic.fna	PVKA01044981.1	-	15209	15907	Rep	393	492	358	657	100	159	78	5.31	48	0	0	699	Dependoparvovirus	Rep78[dependo.XX-Ctenomys_sociabilis(-)]
dependo.45-Fukomys_damarensis	dependo.45-bathyergidae	45	dependo.45	Fukomys_damarensis	Mammalia	Euarchontoglires	Rodentia	Bathyergidae	Fukomys	Fukomys_damarensis	low_coverage	ncbi_1.0_2014	885580_ref_DMR_v1.0_chrUn.fa	gi|730053839|ref|NW_011044239.1|	-	3549538	3550881	Rep	1	448	1	1344	448	871	100	0	1	0	0	1344	Dependoparvovirus	NS[dependo.45-heterocephalus(-)]-NS[dependo.45-heterocephalus(-)]
dependo.45-Heterocephalus_glaber	dependo.45-bathyergidae	45	dependo.45	Heterocephalus_glaber	Mammalia	Euarchontoglires	Rodentia	Bathyergidae	Heterocephalus	Heterocephalus_glaber	low_coverage	goldenpath_hetGla2	hetGla2.fa_4.fa	JH602103	-	4913652	4914734	Rep	227	405	372	914	185	135	55.135	1.89	40	4	0	1083	Dependoparvovirus	NS[dependo.45-heterocephalus(-)]
dependo.46-Graphiurus_murinus	dependo.46-gliridae	46	dependo.46	Graphiurus_murinus	Mammalia	Euarchontoglires	Rodentia	Gliridae	Graphiurus	Graphiurus_murinus	low_coverage	GraMur_v1_BIUU	GCA_004027655.1_GraMur_v1_BIUU_genomic.fna	PVLC010001676.1	+	49624	51706	translated-genome	1	373	184	1293	373	620	83.646	0	1	2	0	2083	Dependoparvovirus	NS[dependo.46-glires(+)]
dependo.46-Apodemus_speciosus	dependo.46-gliridae	46	dependo.46	Apodemus_speciosus	Mammalia	Euarchontoglires	Rodentia	Muridae	Apodemus	Apodemus_speciosus	low_coverage	Aspe_assembly01	GCA_002335545.1_Aspe_assembly01_genomic.fna	BDUI01074050.1	-	1293	2146	translated-genome	352	498	405	851	149	295	95.973	5.03	140	2	0	854	Dependoparvovirus	VP[dependo.46-glires(-)]
dependo.46-Graphiurus_murinus	dependo.46-gliridae	46	dependo.46	Graphiurus_murinus	Mammalia	Euarchontoglires	Rodentia	Gliridae	Graphiurus	Graphiurus_murinus	low_coverage	GraMur_v1_BIUU	GCA_004027655.1_GraMur_v1_BIUU_genomic.fna	PVLC010002029.1	-	98795	99433	translated-genome	9	223	22	639	215	272	70.698	8.57	92	1	0	639	Dependoparvovirus	NS[dependo.46-glires(-)]
dependo.46-Graphiurus_murinus	dependo.46-gliridae	46	dependo.46	Graphiurus_murinus	Mammalia	Euarchontoglires	Rodentia	Gliridae	Graphiurus	Graphiurus_murinus	low_coverage	GraMur_v1_BIUU	GCA_004027655.1_GraMur_v1_BIUU_genomic.fna	PVLC010009320.1	+	24839	25087	translated-genome	56	135	10	249	80	78.6	51.25	1.43	20	0	0	249	Dependoparvovirus	NS[dependo.46-glires(+)]
dependo.47-Pedetes_capensis	dependo.47-pedetes	47	dependo.47	Pedetes_capensis	Mammalia	Euarchontoglires	Rodentia	Pedetidae	Pedetes	Pedetes_capensis	low_coverage	PedCap_v1_BIUU	GCA_007922755.1_PedCap_v1_BIUU_genomic.fna	VMDO01000768.1	+	227616	228605	translation	1	330	1	990	330	664	100	0	1	0	0	990	Dependoparvovirus	Rep78[dependo.XX-Pedetes_capensis(+)]
dependo.48-Mus_spicilegus	dependo.48-mus	48	dependo.48	Mus_spicilegus	Mammalia	Euarchontoglires	Rodentia	Muridae	Mus	Mus_spicilegus	low_coverage	GCA_003336285.1_MUSP714	GCA_003336285.1_MUSP714_genomic.fna	QGOO01033878.1	-	103128	103427	Rep	1	79	61	297	79	148	93.671	3.75	50	0	0	300	Dependoparvovirus	NS[dependo.48-mus(-)]
dependo.48-Mus_castaneus	dependo.48-mus	48	dependo.48	Mus_castaneus	Mammalia	Euarchontoglires	Rodentia	Muridae	Mus	Mus_castaneus	low_coverage	REL-1509-EiJ	CAST_EiJ.chromosomes.unplaced.gt2k.fa	chr8	-	93601101	93601397	Rep	1	79	64	294	79	146	96.203	1.85	49	1	0	297	Dependoparvovirus	NS[dependo.48-mus(-)]
dependo.48-Mus_musculus	dependo.48-mus	48	dependo.48	Mus_musculus	Mammalia	Euarchontoglires	Rodentia	Muridae	Mus	Mus_musculus	complete	goldenpath_mm9	chr8.fa	chr8	-	95687607	95687903	Rep	1	79	64	294	79	144	94.937	9.58	49	1	0	297	Dependoparvovirus	NS[dependo.48-mus(-)]
dependo.48-Mus_spretus	dependo.48-mus	48	dependo.48	Mus_spretus	Mammalia	Euarchontoglires	Rodentia	Muridae	Mus	Mus_spretus	low_coverage	SPRET_EiJ_v1	GCA_001624865.1_SPRET_EiJ_v1_genomic.fa	CM004101.1	-	92315592	92315885	Rep	1	79	61	291	79	139	92.405	1.31	46	1	0	294	Dependoparvovirus	NS[dependo.48-mus(-)]
dependo.48-Mus_caroli	dependo.48-mus	48	dependo.48	Mus_caroli	Mammalia	Euarchontoglires	Rodentia	Muridae	Mus	Mus_caroli	low_coverage	REL-1509_EiJ	CAROLI_EiJ.chromosomes.unplaced.gt2k.fa	chr8	-	84680344	84680580	Rep	2	79	1	234	78	132	87.179	2.95	44	0	0	237	Dependoparvovirus	NS[dependo.48-mus(-)]
dependo.49-Apodemus_sylvaticus	dependo.49-apodemus	49	dependo.49	Apodemus_sylvaticus	Mammalia	Euarchontoglires	Rodentia	Muridae	Apodemus	Apodemus_sylvaticus	low_coverage	GCA_001305905.1	GCA_001305905.1_ASM130590v1_genomic.fa	LIPJ01001723.1	+	974835	977499	translation	368	780	1408	2664	419	754	98.568	0	1	1	0	2665	Dependoparvovirus	Rep78[dependo.XX-Apodemus_sylvaticus(+)]-VP[dependo.XX-Apodemus_sylvaticus(+)]-VP[dependo.XX-Apodemus_sylvaticus(+)]
dependo.50-Mastomys_coucha	dependo.50-muridae	50	dependo.50	Mastomys_coucha	Mammalia	Euarchontoglires	Rodentia	Muridae	Mastomys	Mastomys_coucha	low_coverage	UCSF_Mcou_1	GCF_008632895.1_UCSF_Mcou_1_genomic.fna	NW_022196899.1	-	7456561	7461071	translated-genome	129	455	387	1367	327	637	99.694	0	1	0	0	4511	Dependoparvovirus	VP[dependo.51-muridae(-)]-Rep78[dependo.XX-mastomys(-)]-Rep78[dependo.XX-mastomys(-)]
dependo.50-Mus_musculus	dependo.50-muridae	50	dependo.50	Mus_musculus	Mammalia	Euarchontoglires	Rodentia	Muridae	Mus	Mus_musculus	complete	goldenpath_mm9	chr3.fa	chr3	-	12017000	12020696	Rep	1	307	1	921	307	609	99.023	0	1	0	0	3697	Dependoparvovirus	VP[dependo.51-muridae(-)]-Rep78[dependo.XX-mastomys(-)]
dependo.50-Mus_castaneus	dependo.50-muridae	50	dependo.50	Mus_castaneus	Mammalia	Euarchontoglires	Rodentia	Muridae	Mus	Mus_castaneus	low_coverage	REL-1509-EiJ	CAST_EiJ.chromosomes.unplaced.gt2k.fa	chr3	-	9432886	9436957	Rep	62	307	1	738	246	455	93.496	1.13	151	0	0	4072	Dependoparvovirus	VP[REF_Dependo_AAV5(-)]-Rep78[dependo.XX-mastomys(-)]
dependo.50-Mus_spicilegus	dependo.50-muridae	50	dependo.50	Mus_spicilegus	Mammalia	Euarchontoglires	Rodentia	Muridae	Mus	Mus_spicilegus	low_coverage	GCA_003336285.1_MUSP714	GCA_003336285.1_MUSP714_genomic.fna	QGOO01037474.1	-	8646673	8650344	Rep	130	307	387	920	178	341	96.629	4.23	167	0	0	3672	Dependoparvovirus	VP[dependo.51-muridae(-)]-VP[dependo.51-muridae(-)]-NS[dependo.13-cercopithecidae(-)]
dependo.50-Mus_pahari	dependo.50-muridae	50	dependo.50	Mus_pahari	Mammalia	Euarchontoglires	Rodentia	Muridae	Mus	Mus_pahari	low_coverage	REL-1509-EiJ	Pahari_EiJ.chromosomes.unplaced.gt2k.fa	chr4	-	7864965	7868343	Rep	25	151	1	381	127	204	85.827	1.34	111	0	0	3379	Dependoparvovirus	VP[dependo.51-muridae(-)]-Rep78[dependo.XX-mastomys(-)]-Rep78[dependo.XX-mastomys(-)]
dependo.50-Mus_spretus	dependo.50-muridae	50	dependo.50	Mus_spretus	Mammalia	Euarchontoglires	Rodentia	Muridae	Mus	Mus_spretus	low_coverage	SPRET_EiJ_v1	GCA_001624865.1_SPRET_EiJ_v1_genomic.fa	CM004095.1	-	13383378	13384479	translated-genome	950	1120	375	881	174	198	62.644	8.39	79	3	0	1102	Dependoparvovirus	VP[REF_Dependo_AAV5(-)]-VP[REF_Dependo_AAV5(-)]
dependo.54-Cavia_porcellus	dependo.54-cavia	54	dependo.54	Cavia_porcellus	Mammalia	Euarchontoglires	Rodentia	Caviidae	Cavia	Cavia_porcellus	low_coverage	goldenpath_cavPor3	cavPor3.fa	scaffold_28	+	20602822	20603648	Rep	1	177	1	534	178	350	97.191	1.14	125	1	0	827	Dependoparvovirus	NS[dependo.54-cavia(+)]
dependo.54-Cavia_tschudii	dependo.54-cavia	54	dependo.54	Cavia_tschudii	Mammalia	Euarchontoglires	Rodentia	Caviidae	Cavia	Cavia_tschudii	low_coverage	CavTsc_v1_BIUU	GCA_004027695.1_CavTsc_v1_BIUU_genomic.fna	PVKK010024510.1	-	7876	8702	Rep	1	177	1	534	178	350	97.191	1.14	125	1	0	827	Dependoparvovirus	NS[dependo.54-cavia(-)]
dependo.54-Cavia_aperea	dependo.54-cavia	54	dependo.54	Cavia_aperea	Mammalia	Euarchontoglires	Rodentia	Caviidae	Cavia	Cavia_aperea	low_coverage	CavAp1.0	GCA_000688575.1_CavAp1.0_genomic.fna	AVPZ01000211.1	+	20591520	20592110	Rep	1	196	1	588	197	307	79.188	7.46	110	2	0	591	Dependoparvovirus	NS[dependo.54-cavia(+)]
dependo.55-Mastomys_coucha	dependo.55-rodent	55	dependo.55	Mastomys_coucha	Mammalia	Euarchontoglires	Rodentia	Muridae	Mastomys	Mastomys_coucha	low_coverage	UCSF_Mcou_1	GCF_008632895.1_UCSF_Mcou_1_genomic.fna	NW_022196891.1	+	90026517	90026900	NK	1	128	1	384	128	259	100	6.22	93	0	0	384	Dependoparvovirus	NK[dependo.XX-Grammomys(+)]
dependo.55-Graphiurus_murinus	dependo.55-rodent	55	dependo.55	Graphiurus_murinus	Mammalia	Euarchontoglires	Rodentia	Gliridae	Graphiurus	Graphiurus_murinus	low_coverage	GraMur_v1_BIUU	GCF_004785775.1_NIH_TR_1.0_genomic.fna	NW_021604588.1	+	24678212	24678529	NK	2	107	1	318	106	156	73.585	1.17	52	0	0	318	Dependoparvovirus	NK[dependo.XX-Grammomys(+)]
dependo.55-Grammomys_surdaster	dependo.55-rodent	55	dependo.55	Grammomys_surdaster	Mammalia	Euarchontoglires	Rodentia	Muridae	Grammomys	Grammomys_surdaster	low_coverage	NIH_TR_1.0	GCF_004785775.1_NIH_TR_1.0_genomic.fna	NW_021604588.1	+	24678212	24678529	NK	2	107	1	318	106	156	73.585	1.17	52	0	0	318	Dependoparvovirus	NK[dependo.XX-Grammomys(+)]
dependo.55-Mus_caroli	dependo.55-rodent	55	dependo.55	Mus_caroli	Mammalia	Euarchontoglires	Rodentia	Muridae	Mus	Mus_caroli	low_coverage	REL-1509_EiJ	CAROLI_EiJ.chromosomes.unplaced.gt2k.fa	chr1	+	182539688	182540137	NK	29	107	226	450	79	89	60.759	2.21	25	2	0	450	Dependoparvovirus	NK[dependo.XX-Grammomys(+)]
dependo.55-Mus_spicilegus	dependo.55-rodent	55	dependo.55	Mus_spicilegus	Mammalia	Euarchontoglires	Rodentia	Muridae	Mus	Mus_spicilegus	low_coverage	GCA_003336285.1_MUSP714	GCA_003336285.1_MUSP714_genomic.fna	QGOO01037141.1	+	135307	135738	NK	29	116	172	432	91	88.2	56.044	4.33	25	3	0	432	Dependoparvovirus	NK[dependo.XX-Grammomys(+)]
dependo.56-Cavia_aperea	dependo.56-cavia	56	dependo.56	Cavia_aperea	Mammalia	Euarchontoglires	Rodentia	Caviidae	Cavia	Cavia_aperea	low_coverage	CavAp1.0	GCA_000688575.1_CavAp1.0_genomic.fna	AVPZ01000289.1	+	10616751	10618195	Rep	1	138	16	429	138	290	99.275	0	1	0	0	1445	Dependoparvovirus	NS[dependo.56-cavid(+)]
dependo.56-Cavia_tschudii	dependo.56-cavia	56	dependo.56	Cavia_tschudii	Mammalia	Euarchontoglires	Rodentia	Caviidae	Cavia	Cavia_tschudii	low_coverage	CavTsc_v1_BIUU	GCA_004027695.1_CavTsc_v1_BIUU_genomic.fna	PVKK010015625.1	+	15372	16816	Rep	1	138	16	429	138	290	99.275	0	1	0	0	1445	Dependoparvovirus	NS[dependo.56-cavid(+)]
dependo.56-Cavia_porcellus	dependo.56-cavia	56	dependo.56	Cavia_porcellus	Mammalia	Euarchontoglires	Rodentia	Caviidae	Cavia	Cavia_porcellus	low_coverage	goldenpath_cavPor3	cavPor3.fa	scaffold_35	+	10623727	10625171	Rep	1	138	16	429	138	290	99.275	0	1	0	0	1445	Dependoparvovirus	NS[dependo.56-cavid(+)]
dependo.58-Castor_canadensis	dependo.58-castor	58	dependo.58	Castor_canadensis	Mammalia	Euarchontoglires	Rodentia	Castoridae	Castor	Castor_canadensis	low_coverage	CasCan_v1	GCF_001984765.1_C.can_genome_v1.0_genomic.fna	NW_017878519.1	+	189079	190118	translation	1	346	1	1038	346	701	100	0	1	0	0	1040	Dependoparvovirus	Rep78[dependo.XX-castor(+)]
dependo.59-Myocastor_coypus	dependo.59-hystricomorpha	59	dependo.59	Myocastor_coypus	Mammalia	Euarchontoglires	Rodentia	Myocastoridae	Myocastor	Myocastor_coypus	low_coverage	MyoCoy_v1_BIUU	GCA_004027025.1_MyoCoy_v1_BIUU_genomic.fna	PVJA010007880.1	-	1058	2612	translation	1	518	1	1554	518	974	100	0	1	0	0	1555	Dependoparvovirus	NS[dependo.43-octodon(-)]
dependo.59-Cuniculus_paca	dependo.59-hystricomorpha	59	dependo.59	Cuniculus_paca	Mammalia	Euarchontoglires	Rodentia	Cuniculidae	Cuniculus	Cuniculus_paca	low_coverage	CunPac_v1_BIUU	GCA_004365215.1_CunPac_v1_BIUU_genomic.fna	RJWT010186605.1	-	1108	1971	translation	1	295	1	858	295	303	57.627	1.33	102	4	0	864	Dependoparvovirus	Rep78[dependo.XXY-Cuniculus(-)]
dependo.59-Dolichotis_patagonum	dependo.59-hystricomorpha	59	dependo.59	Dolichotis_patagonum	Mammalia	Euarchontoglires	Rodentia	Caviidae	Dolichotis	Dolichotis_patagonum	low_coverage	DolPat_v1	GCA_004027295.1_DolPat_v1_BIUU_genomic.fna	PVJX010010833.1	+	29207	29985	translation	1	216	1	579	216	216	56.481	1.47	81	5	0	779	Dependoparvovirus	Rep78[dependo.XXY-Cuniculus(+)]
dependo.59-Hystrix_cristata	dependo.59-hystricomorpha	59	dependo.59	Hystrix_cristata	Mammalia	Euarchontoglires	Rodentia	Hystricidae	Hystrix	Hystrix_cristata	low_coverage	HysCri_v1_BIUU	GCA_004026905.1_HysCri_v1_BIUU_genomic.fna	PVJO010016981.1	-	32075	32278	translation	45	112	1	204	68	89.4	60.294	1.16	24	0	0	204	Dependoparvovirus	NS[dependo.43-octodon(-)]
dependo.60-Muscardinus_avellanarius	dependo.60-muscardinus	60	dependo.60	Muscardinus_avellanarius	Mammalia	Euarchontoglires	Rodentia	Gliridae	Muscardinus	Muscardinus_avellanarius	low_coverage	MusAve_v1	GCA_004027005.1_MusAve_v1_BIUU_genomic.fna	PVJB01021184.1	-	1232	5689	translated-genome	1	1486	1	4458	1486	2729	100	0	1	0	0	4458	Dependoparvovirus	VP[dependo.XX-Muscardinus_avellanarius(-)]-VP[dependo.XX-Muscardinus_avellanarius(-)]-Rep78[dependo.XX-Muscardinus_avellanarius(-)]
dependo.61-Muscardinus_avellanarius	dependo.61-muscardinus	61	dependo.61	Muscardinus_avellanarius	Mammalia	Euarchontoglires	Rodentia	Gliridae	Muscardinus	Muscardinus_avellanarius	low_coverage	MusAve_v1	GCA_004027005.1_MusAve_v1_BIUU_genomic.fna	PVJB01005101.1	+	12309	15501	translated-genome	1	1064	1	3192	1064	1814	100	0	1	0	0	3193	Dependoparvovirus	NK[dependo.XZX-Muscardinus(+)]-NK[dependo.XZX-Muscardinus(+)]-VP[dependo.XZX-Muscardinus(+)]-VP[dependo.XZX-Muscardinus(+)]
dependo.62-Muscardinus_avellanarius	dependo.62-muscardinus	62	dependo.62	Muscardinus_avellanarius	Mammalia	Euarchontoglires	Rodentia	Gliridae	Muscardinus	Muscardinus_avellanarius	low_coverage	MusAve_v1	GCA_004027005.1_MusAve_v1_BIUU_genomic.fna	PVJB01014004.1	+	35027	38959	translated-genome	1	1311	1	3933	1311	2253	100	0	1	0	0	3933	Dependoparvovirus	Rep78[dependo.XX-muscardinus(+)]-Rep78[dependo.XX-muscardinus(+)]-VP[dependo.XX-muscardinus(+)]-VP[dependo.XX-muscardinus(+)]-VP[dependo.XX-muscardinus(+)]
dependo.75-Apodemus_sylvaticus	dependo.75-apodemus	75	dependo.75	Apodemus_sylvaticus	Mammalia	Euarchontoglires	Rodentia	Muridae	Apodemus	Apodemus_sylvaticus	low_coverage	GCA_001305905.1	GCA_001305905.1_ASM130590v1_genomic.fa	LIPJ01228352.1	+	697	963	translation	1	89	1	267	89	179	100	8.87	63	0	0	267	Dependoparvovirus	VP[dependo.51-muridae(+)]
dependo.75-Apodemus_speciosus	dependo.75-apodemus	75	dependo.75	Apodemus_speciosus	Mammalia	Euarchontoglires	Rodentia	Muridae	Apodemus	Apodemus_speciosus	low_coverage	Aspe_assembly01	GCA_002335545.1_Aspe_assembly01_genomic.fna	BDUI01022190.1	-	13702	14144	translation	35	89	70	234	55	100	87.273	1.43	30	0	0	443	Dependoparvovirus	VP[dependo.51-muridae(-)]
dependo.76-Peromyscus_maniculatus	dependo.76-cricetidae	76	dependo.76	Peromyscus_maniculatus_bairdii	Mammalia	Euarchontoglires	Rodentia	Cricetidae	Peromyscus	Peromyscus_maniculatus_bairdii	low_coverage	1	230844_ref_Pman_1.0_chrUn.fa	gi|586829182|ref|NW_006501254.1|	-	2428427	2428726	translation	1	100	1	300	100	206	100	9.58	73	0	0	300	Dependoparvovirus	Rep78[dependo.XX-Neotoma_lepida(-)]
dependo.76-Peromyscus_polionotus	dependo.76-cricetidae	76	dependo.76	Peromyscus_polionotus_subgriseus	Mammalia	Euarchontoglires	Rodentia	Cricetidae	Peromyscus	Peromyscus_polionotus_subgriseus	low_coverage	HU_Ppol_1.3	GCA_003704135.1_HU_Ppol_1.3_genomic.fna	CM010907.1	+	12932655	12932954	translation	1	100	1	300	100	202	98	2.7	71	0	0	300	Dependoparvovirus	Rep78[dependo.XX-Neotoma_lepida(+)]
dependo.76-Neotoma_lepida	dependo.76-cricetidae	76	dependo.76	Neotoma_lepida	Mammalia	Euarchontoglires	Rodentia	Cricetidae	Neotoma	Neotoma_lepida	low_coverage	ASM167557v1	GCA_001675575.1_ASM167557v1_genomic.fna	LZPO01075233.1	+	1966	2550	translation	1	87	148	408	87	150	85.057	2.05	49	0	0	585	Dependoparvovirus	Rep78[dependo.XX-Neotoma_lepida(+)]
dependo.76-Onychomys_torridus	dependo.76-cricetidae	76	dependo.76	Onychomys_torridus	Mammalia	Euarchontoglires	Rodentia	Cricetidae	Onychomys	Onychomys_torridus	low_coverage	OnyTor_v1_BIUU	GCA_004026725.1_OnyTor_v1_BIUU_genomic.fna	PVIT010004661.1	-	936	1244	translation	1	52	154	309	52	90.5	84.615	4.35	27	0	0	309	Dependoparvovirus	Rep78[dependo.XX-Neotoma_lepida(-)]
dependo.76-Sigmodon_hispidus	dependo.76-cricetidae	76	dependo.76	Sigmodon_hispidus	Mammalia	Euarchontoglires	Rodentia	Cricetidae	Sigmodon	Sigmodon_hispidus	low_coverage	SigHis_v1	GCA_004025045.1_SigHis_v1_BIUU_genomic.fna	PVIH01006900.1	-	4873	5175	translation	16	100	1	255	85	86.7	64.706	1.33	25	0	0	303	Dependoparvovirus	Rep78[dependo.XX-Neotoma_lepida(-)]
dependo.76-Sigmodon_hispidus	dependo.76-cricetidae	76	dependo.76	Sigmodon_hispidus	Mammalia	Euarchontoglires	Rodentia	Cricetidae	Sigmodon	Sigmodon_hispidus	low_coverage	SigHis_v1	GCA_004025045.1_SigHis_v1_BIUU_genomic.fna	PVIH01016885.1	-	34599	34847	translation	2	52	97	249	51	75.5	68.627	1.7	21	0	0	249	Dependoparvovirus	Rep78[dependo.XX-Neotoma_lepida(-)]
dependo.76-Mesocricetus_auratus	dependo.76-cricetidae	76	dependo.76	Mesocricetus_auratus	Mammalia	Euarchontoglires	Rodentia	Cricetidae	Mesocricetus	Mesocricetus_auratus	low_coverage	broad_1.1_april_2013	Mesocricetus_unplaced.scaf.fa_21.fa	gi|472278377|gb|KB708216.1|	+	1569487	1569927	translation	27	62	182	289	36	52.8	69.444	1.88	23	0	0	441	Dependoparvovirus	NK[dependo.XX-Cricetulus(+)]
dependo.86-Micronycteris_hirsuta	dependo.86-Phyllostomidae	86	dependo.86	Micronycteris_hirsuta	Mammalia	Laurasiatheria	Chiroptera	Phyllostomidae	Micronycteris	Micronycteris_hirsuta	low_coverage	MicHir_v1	GCA_004026765.1_MicHir_v1_BIUU_genomic.fna	PVJI01007531.1	-	43352	46501	translated-genome	277	585	687	1613	309	641	100	0	1	0	0	3150	Dependoparvovirus	VP[dependo.XX-desmodus(-)]-NS[dependo.40-phyllostomidae(-)]
dependo.86-Desmodus_rotundus	dependo.86-Phyllostomidae	86	dependo.86	Desmodus_rotundus	Mammalia	Laurasiatheria	Chiroptera	Phyllostomidae	Desmodus	Desmodus_rotundus	low_coverage	GCA_002940915	GCA_002940915.1_ASM294091v1_genomic.fna	KZ672090.1	-	34938448	34942308	translated-genome	677	1034	2749	3861	371	531	76.55	0	1	7	0	3861	Dependoparvovirus	VP[dependo.1-whippomorpha(-)]-NS[dependo.32-chiroptera(-)]
dependo.86-Phyllostomus_discolor	dependo.86-phyllostomidae	86	dependo.86	Phyllostomus_discolor	Mammalia	Laurasiatheria	Chiroptera	Phyllostomidae	Phyllostomus	Phyllostomus_discolor	low_coverage	mPhyDis1_v1	GCA_004115245.1_mPhyDis1_v1.h_genomic.fna	RXPB01000259.1	+	5470	8475	translated-genome	743	1203	1615	3006	474	511	62.658	0	1	5	0	3006	Dependoparvovirus	NS[dependo.86-chiroptera(+)]-VP[dependo.1-whippomorpha(+)]
dependo.86-Macrotus_californicus	dependo.86-phyllostomidae	86	dependo.86	Macrotus_californicus	Mammalia	Laurasiatheria	Chiroptera	Phyllostomidae	Macrotus	Macrotus_californicus	low_coverage	MacCal_v1_BIUU	GCA_007922815.1_MacCal_v1_BIUU_genomic.fna	VMDR010053493.1	-	1038	3744	translated-genome	594	1007	832	2091	421	509	69.834	0	1	5	0	2707	Dependoparvovirus	VP[dependo.4-rhinocerotidae(-)]-VP[dependo.1-whippomorpha(-)]-NS[dependo.40-phyllostomidae(-)]
dependo.86-Tonatia_saurophila	dependo.86-Phyllostomidae	86	dependo.86	Tonatia_saurophila	Mammalia	Laurasiatheria	Chiroptera	Phyllostomidae	Tonatia	Tonatia_saurophila	low_coverage	TonSau_v1_BIUU	GCA_004024845.1_TonSau_v1_BIUU_genomic.fna	PVIA01004114.1	-	121141	124165	translated-genome	96	497	22	1215	405	454	63.21	0	1	6	0	3025	Dependoparvovirus	VP[dependo.XX-desmodus(-)]-NS[dependo.40-phyllostomidae(-)]
dependo.86-Carollia_perspicillata	dependo.86-phyllostomidae	86	dependo.86	Carollia_perspicillata	Mammalia	Laurasiatheria	Chiroptera	Phyllostomidae	Carollia	Carollia_perspicillata	low_coverage	CarPer_v1_BIUU	GCA_004027735.1_CarPer_v1_BIUU_genomic.fna	PVKM010001441.1	-	554	4026	translated-genome	364	741	912	2036	378	427	72.487	1.77	180	1	0	3473	Dependoparvovirus	VP[dependo.4-rhinocerotidae(-)]-VP[dependo.28-daubentonia(-)]-NS[dependo.86-chiroptera(-)]
dependo.86-Micronycteris_hirsuta	dependo.86-phyllostomidae	86	dependo.86	Micronycteris_hirsuta	Mammalia	Laurasiatheria	Chiroptera	Phyllostomidae	Micronycteris	Micronycteris_hirsuta	low_coverage	MicHir_v1	GCA_004026765.1_MicHir_v1_BIUU_genomic.fna	PVJI01018904.1	-	13800	17595	translated-genome	812	1121	2587	3507	317	345	64.353	5.91	125	6	0	3796	Dependoparvovirus	VP[dependo.1-whippomorpha(-)]-VP[dependo.28-daubentonia(-)]-NS[dependo.4-rhinocerotidae(-)]
dependo.86-Anoura_caudifer	dependo.86-phyllostomidae	86	dependo.86	Anoura_caudifer	Mammalia	Laurasiatheria	Chiroptera	Phyllostomidae	Anoura	Anoura_caudifer	low_coverage	AnoCau_v1_BIUU	GCA_004027475.1_AnoCau_v1_BIUU_genomic.fna	PVKU01002692.1	-	189590	193100	translated-genome	1	208	7	636	211	345	81.991	0	1	2	0	3511	Dependoparvovirus	NK[dependo.XX-Carollia_perspicillata(-)]-VP[dependo.1-whippomorpha(-)]-NS[dependo.4-rhinocerotidae(-)]
dependo.86-Tonatia_saurophila	dependo.86-phyllostomidae	86	dependo.86	Tonatia_saurophila	Mammalia	Laurasiatheria	Chiroptera	Phyllostomidae	Tonatia	Tonatia_saurophila	low_coverage	TonSau_v1_BIUU	GCA_004024845.1_TonSau_v1_BIUU_genomic.fna	PVIA01000230.1	-	70846	74183	translated-genome	753	925	2198	2719	174	319	88.506	0	1	1	0	3338	Dependoparvovirus	VP[dependo.1-whippomorpha(-)]-NS[dependo.86-chiroptera(-)]-NS[dependo.4-rhinocerotidae(-)]
dependo.86-Phyllostomus_discolor	dependo.86-phyllostomidae	86	dependo.86	Phyllostomus_discolor	Mammalia	Laurasiatheria	Chiroptera	Phyllostomidae	Phyllostomus	Phyllostomus_discolor	low_coverage	mPhyDis1_v1	GCA_004115245.1_mPhyDis1_v1.h_genomic.fna	RXPB01006758.1	+	412191	412460	translated-genome	204	293	1	270	90	119	77.778	5.79	35	0	0	270	Dependoparvovirus	NS[dependo.28-daubentonia(+)]
dependo.87-Megaderma_lyra	dependo.87-megaderma	87	dependo.87	Megaderma_lyra	Mammalia	Laurasiatheria	Chiroptera	Megadermatidae	Megaderma	Megaderma_lyra	low_coverage	MegLyr_v1_BIUU	GCA_004026885.1_MegLyr_v1_BIUU_genomic.fna	PVJL010000011.1	-	334419	336723	VP	1	768	1	2304	768	1360	100	0	1	0	0	2305	Dependoparvovirus	Ns[dependo.XX-Megaderma_lyra(-)]-Ns[dependo.XX-Megaderma_lyra(-)]
dependo.88-Megaderma_lyra	dependo.88-megaderma	88	dependo.88	Megaderma_lyra	Mammalia	Laurasiatheria	Chiroptera	Megadermatidae	Megaderma	Megaderma_lyra	low_coverage	MegLyr_v1_BIUU	GCA_004026885.1_MegLyr_v1_BIUU_genomic.fna	PVJL010013950.1	+	14612	16090	translation	1	493	1	1479	493	917	100	0	1	0	0	1479	Dependoparvovirus	VP[Megaderma_lyra(+)]-VP[Megaderma_lyra(+)]
dependo.100-Cuniculus_paca	dependo.100-Cuniculus-paca	100	dependo.100	Cuniculus_paca	Mammalia	Euarchontoglires	Rodentia	Cuniculidae	Cuniculus	Cuniculus_paca	low_coverage	CunPac_v1_BIUU	GCA_004365215.1_CunPac_v1_BIUU_genomic.fna	RJWT010319855.1	+	1004	1654	VP	1	214	7	648	214	441	100	3.37	162	0	0	651	Dependoparvovirus	Rep78[dependo.XXY-Cuniculus(+)]
dependo.160-Gymnobelideus_leadbeateri	dependo.160-gymnobelideus	160	dependo.160	Gymnobelideus_leadbeateri	Mammalia	Unclassified	Diprotodontia	Petauridae	Gymnobelideus	Gymnobelideus_leadbeateri	low_coverage	LBP_v1_scaffolds	GCA_011680675.1_LBP_v1_genomic.fna	WOXC01008261.1	-	238713	242586	translated-genome	2	695	13	2103	708	1147	86.723	0	1	4	0	3874	Dependoparvovirus	VP[dependo.XX_Gymnobelideus(-)]-NS[REF_Dependo_AAV5(-)]
dependo.162-Macropus_eugenii	dependo.162-macropus	162	dependo.162	Macropus_eugenii	Mammalia	Unclassified	Diprotodontia	Macropodidae	Macropus	Macropus_eugenii	low_coverage	goldenpath_macEug2	macEug2.fa	GL111622	-	10412	10987	translation	1	192	1	576	192	380	100	5.03	139	0	0	576	Dependoparvovirus	VP[dependo.0-macropus(-)]
dependo.163-Macropus_eugenii	dependo.163-macropus	163	dependo.163	Macropus_eugenii	Mammalia	Unclassified	Diprotodontia	Macropodidae	Macropus	Macropus_eugenii	low_coverage	goldenpath_macEug2	macEug2.fa	GL155583	-	7173	9111	translation	1	221	1	663	221	446	100	1.31	153	0	0	1939	Dependoparvovirus	VP[dependo.XX-Macropus_eugenii(-)]-VP[dependo.XX-Macropus_eugenii(-)]
dependo.164-Macropus_eugenii	dependo.164-macropus	164	dependo.164	Macropus_eugenii	Mammalia	Unclassified	Diprotodontia	Macropodidae	Macropus	Macropus_eugenii	low_coverage	goldenpath_macEug2	macEug2.fa	GL137465	-	572	2239	translated-genome	64	230	1668	1117	190	106	42.105	4.19	84	6	0	1668	Dependoparvovirus	NK[dependo.XX-Macropus(+)]-NK[dependo.XX-Macropus(-)]
dependo.174-Pipistrellus_pipistrellus	dependo.174-PipPip	174	dependo.174	Pipistrellus_pipistrellus	Mammalia	Laurasiatheria	Chiroptera	Vespertilionidae	Pipistrellus	Pipistrellus_pipistrellus	low_coverage	PipPip_v1	GCA_004026625.1_PipPip_v1_BIUU_genomic.fna	PVIQ01000308.1	+	121789	125514	translated-genome	1	539	1	1617	539	1130	99.814	0	1	0	0	3726	Dependoparvovirus	VP[dependo.XX-Pipistrellus_pipistrellus(+)]
dependo.175-Procavia_capensis	dependo.175-procavia	175	dependo.175	Procavia_capensis	Mammalia	Afrotheria	Hyracoidea	Procaviidae	Procavia	Procavia_capensis	low_coverage	goldenpath_proCap1	proCap1.fa	scaffold_6934	+	37881	39623	VP	1	581	1	1743	581	1167	100	0	1	0	0	1743	Dependoparvovirus	Rep78[dependo.XX-Procavia_capensis(-)]-Rep78[dependo.XX-Procavia_capensis(+)]
dependo.175-Heterohyrax_brucei	dependo.175-procavia	175	dependo.175	Heterohyrax_brucei	Mammalia	Afrotheria	Hyracoidea	Procaviidae	Heterohyrax	Heterohyrax_brucei	low_coverage	HetBruBak_v1_BIUU	GCA_004026845.1_HetBruBak_v1_BIUU_genomic.fna	PVJQ01009692.1	+	20227	21970	VP	199	480	1148	303	282	509	92.553	0	1	0	0	1744	Dependoparvovirus	Rep78[dependo.XX-Heterohyrax_brucei(-)]-Rep78[dependo.XX-Heterohyrax_brucei(+)]
dependo.180-Rhinolophus_ferrumequinum	dependo.180-rhinolophus	180	dependo.180	Rhinolophus_ferrumequinum	Mammalia	Laurasiatheria	Chiroptera	Rhinolophidae	Rhinolophus	Rhinolophus_ferrumequinum	low_coverage	ncbi_AWHA00000000.1_2015-05	AWHA01.3.fsa_nt.fa	gi|539377818|gb|AWHA01212176.1|	+	1655	3726	translated-genome	710	1182	657	2072	487	538	67.146	0	1	8	0	2072	Dependoparvovirus	NK[dependo.XX-Rhinolophus(+)]
dependo.180-Rhinolophus_sinicus	dependo.180-rhinolophus	180	dependo.180	Rhinolophus_sinicus	Mammalia	Laurasiatheria	Chiroptera	Rhinolophidae	Rhinolophus	Rhinolophus_sinicus	low_coverage	ASM188883v1	GCF_001888835.1_ASM188883v1_genomic.fna	NW_017739534.1	+	3582	7150	translated-genome	457	718	1381	2172	264	410	87.5	0	1	1	0	3569	Dependoparvovirus	Rep78[dependo.XX-Rhinolophus(+)]
dependo.187-Glis_glis	dependo.187-Glis	187	dependo.187	Glis_glis	Mammalia	Euarchontoglires	Rodentia	Gliridae	Glis	Glis_glis	low_coverage	GliGli_v1	GCA_004027185.1_GliGli_v1_BIUU_genomic.fna	PVJS01024767.1	+	17725	18784	translation	1	353	1	1059	353	682	100	0	1	0	0	1060	Dependoparvovirus	Rep78[dependo.XX-glis(+)]
dependo.190-Sarcophilus_harrisii	dependo.190-sarcophilus	190	dependo.190	Sarcophilus_harrisii	Mammalia	Unclassified	Dasyuromorphia	Dasyuridae	Sarcophilus	Sarcophilus_harrisii	complete	goldenpath_sarHar1	sarHar1.fa_6.fa	chr5_GL861700_random	+	1041831	1043041	Rep	1	403	1	1209	403	729	100	0	1	0	0	1211	Dependoparvovirus	NS[REF_Dependo_MDPV(+)]
dependo.201-Thamnophis_elegans	dependo.201-thamnophis	201	dependo.201	Thamnophis_elegans	Unclassified	Lepidosauria	Squamata	Colubridae	Thamnophis	Thamnophis_elegans	low_coverage	rThaEle1.pri	GCF_009769535.1_rThaEle1.pri_genomic.fna	NC_045548.1	-	15223162	15227162	translated-genome	285	1009	854	3028	725	1482	100	0	1	0	0	4001	Dependoparvovirus	NS[dependo.201-thamnophis(-)]
dependo.202-Thamnophis_elegans	dependo.202-thamnophis	202	dependo.202	Thamnophis_elegans	Unclassified	Lepidosauria	Squamata	Colubridae	Thamnophis	Thamnophis_elegans	low_coverage	rThaEle1.pri	GCF_009769535.1_rThaEle1.pri_genomic.fna	NC_045558.1	+	807788	809518	translated-genome	612	1009	538	1731	398	788	94.472	0	1	0	0	1731	Dependoparvovirus	NS[dependo.201-thamnophis(+)]
dependo.203-Gekko_japonicus	dependo.203-gekko	203	dependo.203	Gekko_japonicus	Unclassified	Lepidosauria	Squamata	Gekkonidae	Gekko	Gekko_japonicus	low_coverage	V1.1	146911_ref_Gekko_japonicus_V1.1_chrUn.fa	gi|972885930|ref|NW_015177013.1|	-	278010	278213	Rep	1	68	1	204	68	140	100	1.01	47	0	0	204	Dependoparvovirus	Rep78[dependo.XX-Gekko_japonicus(-)]
dependo.221-Pelusios_castaneus	dependo.221-pelusios	221	dependo.221	Pelusios_castaneus	Unclassified	Unclassified	Testudines	Pelomedusidae	Pelusios	Pelusios_castaneus	low_coverage	1	GCA_007922175.1_Pelusios_castaneus-1.0_genomic.fna	ML686014.1	+	456895	459907	VP	1	251	756	4	251	523	100	0	1	0	0	3013	Dependoparvovirus	VP[dependo.121-pelusios(-)]-VP[dependo.120-pelusios(+)]
dependo.365-Diphyllodes_magnificus	dependo.365-passeriformes	365	dependo.365	Diphyllodes_magnificus	Aves	Neognathae	Passeriformes	Paradisaeidae	Diphyllodes	Diphyllodes_magnificus	low_coverage	GCA_003713285.1	GCA_003713285.1_DipMag_1.0_genomic.fna	RAHO01000009.1	-	425292	425618	VP	2	109	1	327	109	190	82.569	3.83	66	1	0	327	Dependoparvovirus	NS[dependo.165-passeriformes(-)]
dependo.365-Pseudopodoces_humilis	dependo.365-passeriformes	365	dependo.365	Pseudopodoces_humilis	Aves	Neognathae	Passeriformes	Paridae	Pseudopodoces	Pseudopodoces_humilis	low_coverage	1	181119_ref_PseHum1.0_chrUn.fa	gi|539359177|ref|NW_005087562.1|	-	13436801	13437160	VP	1	111	1	336	112	189	83.929	8.05	66	1	0	360	Dependoparvovirus	NS[dependo.165-passeriformes(-)]
dependo.365-Parus_major	dependo.365-passeriformes	365	dependo.365	Parus_major	Aves	Neognathae	Passeriformes	Paridae	Parus	Parus_major	complete	1.0.3	9157_ref_Parus_major1.0.3_chr6.fa	gi|996767191|ref|NC_029275.1|	-	14119006	14119350	VP	6	111	1	321	107	188	87.85	1.58	65	1	0	345	Dependoparvovirus	NS[dependo.165-passeriformes(-)]
dependo.365-Cicinnurus_regius	dependo.365-passeriformes	365	dependo.365	Cicinnurus_regius	Aves	Neognathae	Passeriformes	Paradisaeidae	Cicinnurus	Cicinnurus_regius	low_coverage	GCA_003713305.1	GCA_003713305.1_CicReg_1.0_genomic.fna	RAHN01000002.1	-	7822470	7822796	VP	2	109	1	327	109	186	81.651	1.24	64	1	0	327	Dependoparvovirus	NS[dependo.165-passeriformes(-)]
dependo.365-Hirundo_rustica	dependo.365-passeriformes	365	dependo.365	Hirundo_rustica	Aves	Neognathae	Passeriformes	Hirundinidae	Hirundo	Hirundo_rustica	low_coverage	GCA_003692655.1	GCA_003692655.1_Chelidonia_genomic.fna	QRBI01000108.1	+	15847874	15848239	VP	2	111	7	339	111	183	82.883	3.19	63	1	0	366	Dependoparvovirus	NS[dependo.165-passeriformes(+)]
dependo.365-Parotia_lawesii	dependo.365-passeriformes	365	dependo.365	Parotia_lawesii	Aves	Neognathae	Passeriformes	Paradisaeidae	Parotia	Parotia_lawesii	low_coverage	GCA_003713295	GCA_003713295.1_ParLaw_1.0_genomic.fna	RAHM01000027.1	-	480521	480847	VP	2	109	1	327	109	178	78.899	1.57	61	1	0	327	Dependoparvovirus	NS[dependo.165-passeriformes(-)]
dependo.365-Passer_domesticus	dependo.365-passeriformes	365	dependo.365	Passer_domesticus	Aves	Neognathae	Passeriformes	Passeridae	Passer	Passer_domesticus	low_coverage	Passer_domesticus-1.0	GCA_001700915.1_Passer_domesticus-1.0_genomic.fna	CM004533.1	-	12241871	12242338	VP	5	110	4	321	107	175	84.112	1.26	59	2	0	468	Dependoparvovirus	NS[dependo.165-passeriformes(-)]
dependo.366-Empidonax_traillii	dependo.366-passeriformes	366	dependo.366	Empidonax_traillii	Aves	Neognathae	Passeriformes	Tyrannidae	Empidonax	Empidonax_traillii	low_coverage	GCA_003031625	GCA_003031625.1_ASM303162v1_genomic.fna	PWAB01000205.1	+	166706	167673	VP	80	277	378	968	202	221	62.871	5.54	73	4	0	968	Dependoparvovirus	VP[dependo.XX-Tonatia(+)]
dependo.366-Manacus_vitellinus	dependo.366-passeriformes	366	dependo.366	Manacus_vitellinus	Aves	Neognathae	Passeriformes	Pipridae	Manacus	Manacus_vitellinus	low_coverage	28/10/2011	Manacus_vitellinus.scaf.noBacterial.fa	scaffold270	-	152406	153310	VP	80	257	384	902	182	206	64.286	4.98	67	5	0	905	Dependoparvovirus	VP[dependo.XX-Tonatia(-)]
dependo.366-Pipra_filicauda	dependo.366-passeriformes	366	dependo.366	Pipra_filicauda	Aves	Neognathae	Passeriformes	Pipridae	Pipra	Pipra_filicauda	low_coverage	ASM394559v1	GCF_003945595.1_ASM394559v1_genomic.fna	NW_020894471.1	+	1179273	1180117	VP	80	233	384	845	158	180	62.025	1.54	57	3	0	845	Dependoparvovirus	VP[dependo.XX-Tonatia(+)]
dependo.366-Lepidothrix_coronata	dependo.366-passeriformes	366	dependo.366	Lepidothrix_coronata	Aves	Neognathae	Passeriformes	Pipridae	Lepidothrix	Lepidothrix_coronata	low_coverage	1	GCA_001604755.1_Lepidothrix_coronata-1.0_genomic.fa	KV388172.1	+	3627558	3628402	VP	80	233	384	845	158	177	61.392	4.34	56	3	0	845	Dependoparvovirus	VP[dependo.XX-Tonatia(+)]
dependo.366-Corapipo_altera	dependo.366-passeriformes	366	dependo.366	Corapipo_altera	Aves	Neognathae	Passeriformes	Pipridae	Corapipo	Corapipo_altera	low_coverage	ASM394572v1	GCF_003945725.1_ASM394572v1_genomic.fna	NW_020884908.1	-	2683626	2684470	VP	80	233	384	845	158	170	60.127	2.25	53	3	0	845	Dependoparvovirus	VP[dependo.XX-Tonatia(-)]
dependo.366-Paradisaea_raggiana	dependo.366-passeriformes	366	dependo.366	Paradisaea_raggiana	Aves	Neognathae	Passeriformes	Paradisaeidae	Paradisaea	Paradisaea_raggiana	low_coverage	GCA_003713265	GCA_003713265.1_ParRag_1.0_genomic.fna	RAHK01000919.1	-	115318	115713	VP	156	220	46	240	65	119	84.615	5.13	50	0	0	396	Dependoparvovirus	VP[dependo.XX-Paradisaea_rubra(-)]
dependo.366-Parotia_lawesii	dependo.366-passeriformes	366	dependo.366	Parotia_lawesii	Aves	Neognathae	Passeriformes	Paradisaeidae	Parotia	Parotia_lawesii	low_coverage	GCA_003713295	GCA_003713295.1_ParLaw_1.0_genomic.fna	RAHM01000246.1	-	887730	887969	VP	156	220	46	240	65	117	84.615	4.25	36	0	0	240	Dependoparvovirus	VP[dependo.XX-Paradisaea_rubra(-)]
dependo.366-Diphyllodes_magnificus	dependo.366-passeriformes	366	dependo.366	Diphyllodes_magnificus	Aves	Neognathae	Passeriformes	Paradisaeidae	Diphyllodes	Diphyllodes_magnificus	low_coverage	GCA_003713285.1	GCA_003713285.1_DipMag_1.0_genomic.fna	RAHO01000074.1	+	3377757	3378152	VP	156	220	46	240	65	117	83.077	5.01	51	0	0	396	Dependoparvovirus	VP[dependo.XX-Paradisaea_rubra(+)]
dependo.366-Cicinnurus_regius	dependo.366-passeriformes	366	dependo.366	Cicinnurus_regius	Aves	Neognathae	Passeriformes	Paradisaeidae	Cicinnurus	Cicinnurus_regius	low_coverage	GCA_003713305.1	GCA_003713305.1_CicReg_1.0_genomic.fna	RAHN01000272.1	-	888320	888715	VP	156	220	46	240	65	116	83.077	8.42	51	0	0	396	Dependoparvovirus	VP[dependo.XX-Paradisaea_rubra(-)]
dependo.366-Paradisaea_rubra	dependo.366-passeriformes	366	dependo.366	Paradisaea_rubra	Aves	Neognathae	Passeriformes	Paradisaeidae	Paradisaea	Paradisaea_rubra	low_coverage	GCA_003713215	GCA_003713215.1_ParRub_1.0_genomic.fna	RAHL01000063.1	-	891433	891618	VP	159	220	1	186	62	112	83.871	1.93	34	0	0	186	Dependoparvovirus	VP[dependo.XX-Paradisaea_rubra(-)]
dependo.366-Eopsaltria_australis	dependo.366-passeriformes	366	dependo.366	Eopsaltria_australis	Aves	Neognathae	Passeriformes	Petroicidae	Eopsaltria	Eopsaltria_australis	low_coverage	eyr_v1	GCA_003426825.1_eyr_v1_genomic.fna	QKXG01002043.1	-	2091577	2091786	VP	162	220	34	210	59	110	88.136	1.06	33	0	0	210	Dependoparvovirus	VP[dependo.XX-Paradisaea_rubra(-)]
dependo.366-Erythrura_gouldiae	dependo.366-passeriformes	366	dependo.366	Erythrura_gouldiae	Aves	Neognathae	Passeriformes	Estrildidae	Erythrura	Erythrura_gouldiae	low_coverage	GouldianFinchv1	GCA_003676055.1_GouldianFinch_genomic.fna	QUSF01000025.1	-	6970786	6971067	VP	159	258	1	282	103	105	61.165	2.72	31	3	0	282	Dependoparvovirus	Rep78[dependo.XX-Taeniopygia_guttata(-)]
dependo.366-Parus_major	dependo.366-passeriformes	366	dependo.366	Parus_major	Aves	Neognathae	Passeriformes	Paridae	Parus	Parus_major	complete	1.0.3	9157_ref_Parus_major1.0.3_chr4.fa	gi|996767195|ref|NC_029271.1|	+	13079961	13080233	VP	161	258	1	273	98	104	60.204	7.1	31	2	0	273	Dependoparvovirus	Rep78[dependo.XX-Taeniopygia_guttata(+)]
dependo.366-Pseudopodoces_humilis	dependo.366-passeriformes	366	dependo.366	Pseudopodoces_humilis	Aves	Neognathae	Passeriformes	Paridae	Pseudopodoces	Pseudopodoces_humilis	low_coverage	1	181119_ref_PseHum1.0_chrUn.fa	gi|539359160|ref|NW_005087579.1|	+	9622401	9622679	VP	161	258	1	279	101	103	59.406	2.28	30	2	0	279	Dependoparvovirus	Rep78[dependo.XX-Taeniopygia_guttata(+)]
dependo.366-Geospiza_fortis	dependo.366-passeriformes	366	dependo.366	Geospiza_fortis	Aves	Neognathae	Passeriformes	Thraupidae	Geospiza	Geospiza_fortis	low_coverage	goldenpath_geoFor1	geoFor1.fa_1.fa	JH739894	+	4004291	4004587	VP	151	258	1	297	111	101	56.757	1.32	29	4	0	297	Dependoparvovirus	Rep78[dependo.XX-Taeniopygia_guttata(+)]
dependo.366-Serinus_canaria	dependo.366-passeriformes	366	dependo.366	Serinus_canaria	Aves	Neognathae	Passeriformes	Fringillidae	Serinus	Serinus_canaria	low_coverage	ncbi_100	9135_ref_SCA1_chrUn.fa	gi|668343357|ref|NW_007931124.1|	-	51847511	51847789	VP	159	258	1	279	102	100	59.804	1.95	29	3	0	279	Dependoparvovirus	Rep78[dependo.XX-Taeniopygia_guttata(-)]
dependo.366-Hemignathus_virens	dependo.366-passeriformes	366	dependo.366	Hemignathus_virens	Aves	Neognathae	Passeriformes	Fringillidae	Hemignathus	Hemignathus_virens	low_coverage	ASM328649v1	GCA_003286495.1_ASM328649v1_genomic.fna	LTAT01000006.1	+	13086293	13086574	VP	159	258	1	282	103	97.8	59.223	2.98	28	3	0	282	Dependoparvovirus	Rep78[dependo.XX-Taeniopygia_guttata(+)]
dependo.366-Lonchura_striata_domestica	dependo.366-passeriformes	366	dependo.366	Lonchura_striata_domestica	Aves	Neognathae	Passeriformes	Estrildidae	Lonchura	Lonchura_striata_domestica	low_coverage	LonStrDom1	GCF_002197715.1_LonStrDom1_genomic.fna	NW_018657297.1	-	3254570	3254845	VP	153	244	7	267	95	94	57.895	8.26	27	2	0	276	Dependoparvovirus	Rep78[dependo.XX-Taeniopygia_guttata(-)]
dependo.366-Setophaga_coronata	dependo.366-passeriformes	366	dependo.366	Setophaga_coronata	Aves	Neognathae	Passeriformes	Parulidae	Setophaga	Setophaga_coronata	low_coverage	mywagenomev1.1	GCA_001746935.1_mywagenomev1.1_genomic.fna	MDLI01000011.1	+	4736948	4737262	VP	148	258	1	315	116	89	50	1.22	24	4	0	315	Dependoparvovirus	Rep78[dependo.XX-Taeniopygia_guttata(+)]
dependo.366-Taeniopygia_guttata	dependo.366-passeriformes	366	dependo.366	Taeniopygia_guttata	Aves	Neognathae	Passeriformes	Estrildidae	Taeniopygia	Taeniopygia_guttata	low_coverage	goldenpath_taeGut2	taeGut2.fa	chr4	+	13008834	13009115	VP	156	244	22	273	92	85.5	54.348	1.36	23	2	0	282	Dependoparvovirus	Rep78[dependo.XX-Taeniopygia_guttata(+)]
dependo.367-Ardeotis_arabs	dependo.367-otididae	367	dependo.367	Ardeotis_arabs	Aves	Neognathae	Gruiformes	Otididae	Ardeotis	Ardeotis_arabs	low_coverage	REN_Aarabs_1.0	GCA_011801015.1_REN_Aarabs_1.0_genomic.fna	JAAGAY010102900.1	-	813	1196	translation	1	128	1	384	128	260	100	1.41	93	0	0	384	Dependoparvovirus	Rep78[dependo.XX-Chlamydotis(-)]
dependo.367-Chlamydotis_macqueenii	dependo.367-otididae	367	dependo.367	Chlamydotis_macqueenii	Aves	Neognathae	Gruiformes	Otididae	Chlamydotis	Chlamydotis_macqueenii	low_coverage	ASM69519v1	187382_ref_ASM69519v1_chrUn.fa	gi|702198602|ref|NW_010471406.1|	+	7632	8015	translation	1	128	1	384	128	260	100	1.41	93	0	0	384	Dependoparvovirus	Rep78[dependo.XX-Chlamydotis(+)]
dependo.367-Chlamydotis_undulata	dependo.367-otididae	367	dependo.367	Chlamydotis_undulata	Aves	Neognathae	Gruiformes	Otididae	Chlamydotis	Chlamydotis_undulata	low_coverage	bgi_2011-10-28	Chlamydotis_undulata.scaf.noBacterial.fa	scaffold13103	+	7632	8015	translation	1	128	1	384	128	260	100	1.41	93	0	0	384	Dependoparvovirus	Rep78[dependo.XX-Chlamydotis(+)]
dependo.367-Ardeotis_arabs	dependo.367-otididae	367	dependo.367	Ardeotis_arabs	Aves	Neognathae	Gruiformes	Otididae	Ardeotis	Ardeotis_arabs	low_coverage	REN_Aarabs_1.0	GCA_011801015.1_REN_Aarabs_1.0_genomic.fna	JAAGAY010051257.1	+	22799	23155	translation	10	128	1	357	119	202	86.555	1.07	70	0	0	357	Dependoparvovirus	NK[dependo.XX-Ardeotis-arabs(+)]
dependo.368-Chlamydotis_macqueenii	dependo.367-otididae	367	dependo.368	Chlamydotis_macqueenii	Aves	Neognathae	Gruiformes	Otididae	Chlamydotis	Chlamydotis_macqueenii	low_coverage	ASM69519v1	187382_ref_ASM69519v1_chrUn.fa	gi|702198602|ref|NW_010471406.1|	+	415	951	NK	6	189	1	537	184	132	42.935	5.2	38	3	0	537	Dependoparvovirus	NS[dependo.63-chlamydotis(+)]
dependo.368-Chlamydotis_undulata	dependo.367-otididae	367	dependo.368	Chlamydotis_undulata	Aves	Neognathae	Gruiformes	Otididae	Chlamydotis	Chlamydotis_undulata	low_coverage	bgi_2011-10-28	Chlamydotis_undulata.scaf.noBacterial.fa	scaffold13103	+	415	951	NK	6	189	1	537	184	132	42.935	5.2	38	3	0	537	Dependoparvovirus	NS[dependo.63-chlamydotis(+)]
dependo.368-Ardeotis_arabs	dependo.367-otididae	367	dependo.368	Ardeotis_arabs	Aves	Neognathae	Gruiformes	Otididae	Ardeotis	Ardeotis_arabs	low_coverage	REN_Aarabs_1.0	GCA_011801015.1_REN_Aarabs_1.0_genomic.fna	JAAGAY010088448.1	-	128	634	NK	6	179	1	507	174	125	43.103	9.65	36	3	0	507	Dependoparvovirus	NS[dependo.63-chlamydotis(-)]
dependo.369-Guaruba_guarouba	dependo.369-Guaruba_guarouba	369	dependo.369	Guaruba_guarouba	Aves	Neognathae	Psittaciformes	Psittacidae	Guaruba	Guaruba_guarouba	low_coverage	ASM1180009v1	GCA_011800095.1_ASM1180009v1_genomic.fna	JAABOC010063778.1	-	3956495	3957082	VP	1	196	1	588	196	412	100	1.44	151	0	0	588	Dependoparvovirus	VP[dependo.170-Guaruba_guarouba(-)]
dependo.370-Pelecanus_crispus	dependo.370-pelecanus	370	dependo.370	Pelecanus_crispus	Aves	Neognathae	Pelecaniformes	Pelecanidae	Pelecanus	Pelecanus_crispus	low_coverage	bgi_2011-10-28	Pelecanus_crispus.scaf.noBacterial.fa	scaffold56836	-	6093	8381	NK	1	259	1	777	259	496	99.614	0	1	0	0	2289	Dependoparvovirus	NS[dependo.170-pelecaniformes(-)]-NS[dependo.170-pelecaniformes(-)]
dependo.371-Egretta_garzetta	dependo.371-egretta	371	dependo.371	Egretta_garzetta	Aves	Neognathae	Pelecaniformes	Ardeidae	Egretta	Egretta_garzetta	low_coverage	bgi_2011-10-28	Egretta_garzetta.scaf.noBacterial.fa	scaffold81	+	2266872	2267294	NK	137	284	1	423	152	102	46.053	6.72	28	5	0	423	Dependoparvovirus	NK[dependo.XX-Egretta-garzetta(+)]
dependo.372-Opisthocomus_hoazin	dependo.372-opisthocomus	372	dependo.372	Opisthocomus_hoazin	Aves	Neognathae	Opisthocomiformes	Opisthocomidae	Opisthocomus	Opisthocomus_hoazin	low_coverage	bgi_2011-10-28	Ophisthocomus_hoazin.scaf.noBacterial.fa	scaffold101	-	294383	294574	VP	33	93	1	183	61	68.9	49.18	3.24	19	0	0	192	Dependoparvovirus	VP[dependo.5-rhinocerotidae(-)]