taxon	sequenceID	subfamily	genus	clade_ns	subclade_ns	clade_vp	subclade_vp	isolate	host_sci_name	sample_date	country
alignment/AL_Dependoparvovirus/member/ncbi-refseqs/FJ688147	FJ688147	-	-	-	-	-	-	-	-	-	-
alignment/AL_Dependoparvovirus/member/ncbi-refseqs/MF416383	MF416383	Parvovirinae	Dependoparvovirus	-	-	-	-	-	Mus musculus	-	-
alignment/AL_Dependoparvovirus/member/ncbi-refseqs/NC_001401	NC_001401	Parvovirinae	Dependoparvovirus	-	-	-	-	-	Homo sapiens	-	-
alignment/AL_Dependoparvovirus/member/ncbi-refseqs/NC_006147	NC_006147	Parvovirinae	Dependoparvovirus	-	-	-	-	-	Cairina moschata	-	-
alignment/AL_Dependoparvovirus/member/ncbi-refseqs/NC_006148	NC_006148	Parvovirinae	Dependoparvovirus	-	-	-	-	-	Python regius	-	-
alignment/AL_Dependoparvovirus/member/ncbi-refseqs/NC_006152	NC_006152	Parvovirinae	Dependoparvovirus	-	-	-	-	-	Homo sapiens	-	-
alignment/AL_Dependoparvovirus/member/ncbi-refseqs/NC_014468	NC_014468	Parvovirinae	Dependoparvovirus	-	-	-	-	-	-	-	-
alignment/AL_Dependoparvovirus/member/ncbi-refseqs/NC_027429	NC_027429	Parvovirinae	Dependoparvovirus	-	-	-	-	-	Homo sapiens	-	-
alignment/AL_Dependoparvovirus/member/ncbi-refseqs/NC_038539	NC_038539	Parvovirinae	Dependoparvovirus	-	-	-	-	-	-	-	-
